"","country","highest_point","blue_runs","red_runs","black_runs","ski_lifts","price","elevation_length"
"1","Austria",2872,47,143,49,41,53.5,1512
"2","Italy",2337,19,162,48,12,49.5,1155
"3","Austria",2430,60,50,8,34,57,1730
"4","Austria",2313,61,35,4,26,49,683
"5","Austria",2150,35,30,10,19,50.5,1330
"6","Austria",2025,259,537,135,43,51,1195
"7","Austria",2525,47,111,12,7,50,1125
"8","Italy",2390,29,30,6,10,46.5,930
"9","Austria",2100,128,126,19,8,49.5,1096
"10","Italy",2518,52,105,18,79,59,1282
"11","Austria",2054,36,108,27,7,59,1404
"12","Austria",2000,94,67,20,49,59.5,1200
"13","Austria",2422,95,245,106,14,50,1402
"14","Austria",2378,297,413,146,36,59,1778
"15","Austria",1965,18,19,6,16,44,1069
"16","Germany",1456,45,4,3,6,35,406
"17","Austria",1820,73,37,0,5,49.5,820
"18","Italy",2510,185,272,93,15,52,1203
"19","Switzerland",2865,110,87,28,43,79,1636
"20","Austria",2096,140,112,18,70,58.5,1266
"21","Austria",1957,126,127,35,89,55.5,1337
"22","Austria",2407,56,15,11,7,50,1307
"23","Austria",2050,297,48,17,19,54,1340
"24","Austria",1860,18,22,2,14,49,1120
"25","Italy",2388,93,328,69,18,51,848
"26","Austria",1604,155,23,35,16,48,945
"27","Italy",2100,4,21,0,8,50,800
"28","Switzerland",3111,20,17,18,6,53,1692
"29","Switzerland",2227,146,139,54,10,56,1718
"30","Austria",2300,128,159,8,9,45,1300
"31","Austria",2500,49,87,11,52,57.5,1920
"32","Switzerland",3142,12,213,12,6,52,1583
"33","Austria",1530,15,5,3,4,48,530
"34","Austria",1636,14,10,1,9,39.5,601
"35","Austria",1432,55,6,2,6,38.5,562
"36","Italy",2357,16,32,12,21,49,953
"37","Austria",1670,32,12,2,10,46,1030
"38","Germany",1405,37,98,25,7,43,525
"39","Italy",2510,14,14,5,8,49.5,1460
"40","Austria",2222,7,16,3,9,45,622
"41","Austria",2240,12,68,32,9,42,1231
"42","Austria",1591,9,10,1,8,49,621
"43","Austria",3029,29,23,9,21,58.5,2261
"44","Switzerland",2222,10,38,17,17,59,1557
"45","Austria",1870,29,9,3,6,38,860
"46","Austria",2205,14,245,35,14,48.5,805
"47","Austria",2118,17,16,9,13,48,1250
"48","Germany",1215,68,61,26,6,32,304
"49","Switzerland",2105,15,20,5,5,46,1085
"50","Italy",2400,22,13,6,8,49.5,1450
"51","Austria",2811,130,122,51,88,59,1511
"52","Austria",2820,47,123,28,39,56,1620
"53","Austria",3340,695,466,273,31,62,1990
"54","Austria",2015,464,683,83,44,58,1287
"55","France",3456,170,78,52,82,62,1906
"56","France",3230,312,216,72,137,64.5,2130
"57","Austria",2500,44,70,28,44,57.5,1870
"58","Switzerland",3022,42,79,34,24,67.8,1302
"59","Austria",1900,52,41,27,34,57,1100
"60","Italy",2275,52,42,25,33,60,1302
"61","Austria",1980,34,82,4,44,58,1240
"62","Italy",2504,50,67,33,58,58,1652
"63","Austria",2300,308,525,26,18,58.5,1440
"64","Austria",2000,30,28,19,28,58.5,1240
"65","Switzerland",2200,46,34,6,23,63,940
"66","Andorra",2640,100,77,33,65,52,930
"67","France",3167,139,59,27,71,55,1960
"68","France",2800,1375,80,325,55,53,1600
"69","Switzerland",3899,75,220,27,52,86,2337
"70","Switzerland",3018,88,81,19,28,83,1918
"71","Switzerland",2869,42,50,12,35,65.4,1024
"72","Switzerland",2600,18,40,12,13,49.6,1156
"73","Switzerland",3330,107,202,103,67,73,2509
"74","Austria",3082,602,332,143,23,60,1289
"75","Italy",2220,15,45,3,21,59,551
"76","Italy",2550,70,52,8,53,60,1226
"77","France",3523,110,56,34,46,53,2243
"78","Italy",2798,30,65,20,32,50,982
"79","Switzerland",2254,310,210,60,172,59,1269
"80","Austria",2220,10,50,10,16,49,1154
"81","Switzerland",2785,27,32,11,10,54,1535
"82","Italy",2513,205,385,85,15,51,1323
"83","Italy",2485,73,407,72,36,54,1165
"84","Italy",3000,24,61,15,28,46,1879
"85","Italy",2789,96,220,84,63,50,1417
"86","Switzerland",2844,173,605,177,18,68,2034
"87","Spain",2610,80,60,20,29,54.5,1110
"88","Norway",1100,33,18,20,31,47,685
"89","France",3330,70,130,50,62,54.5,2205
"90","Austria",2033,278,34,14,17,57.5,1184
"91","France",2353,98,134,31,81,50.5,1503
"92","France",2480,135,95,35,55,48.5,1783
"93","Austria",2002,30,69,11,30,51,1402
"94","Italy",3269,236,305,89,26,55,1823
"95","Austria",2176,235,172,43,15,58,1176
"96","Switzerland",2320,33,56,13,24,65,1376
"97","Italy",2125,11,278,12,14,47,1085
"98","Switzerland",2590,255,132,25,11,65,1050
"99","France",2069,132,49,11,81,42.6,1069
"100","Finland",531,175,181,29,24,47,325
"101","France",3226,104,70,26,47,55,2026
"102","Austria",3212,25,15,25,22,52,1515
"103","Switzerland",3303,13,893,177,14,59.8,1506
"104","Austria",1571,92,72,6,8,58,721
"105","Sweden",1274,45,38,8,31,45,894
"106","Italy",3275,23,94,15,20,47,2063
"107","Italy",2340,129,106,4,8,51,973
"108","Italy",2200,404,376,84,20,59,1070
"109","Norway",1450,292,108,41,19,47,830
"110","Austria",1617,15,33,3,17,46.7,872
"111","Austria",2300,6,25,12,10,43.5,700
"112","Spain",2251,47,70,20,15,48,750
"113","Italy",2100,28,36,8,22,51,1100
"114","Austria",2450,10,22,8,9,46,1000
"115","Switzerland",2500,30,11,8,10,65,1450
"116","Austria",3250,14,35,2,20,57.5,1750
"117","Switzerland",2011,643,206,4,17,69,1063
"118","Switzerland",3573,20,60,20,23,70,1773
"119","Switzerland",3020,235,455,13,19,64,2020
"120","Italy",1850,364,32,56,22,44,650
"121","Slovakia",2004,192,179,74,22,60,1061
"122","Italy",2505,195,95,135,7,52,1438
"123","Norway",1059,33,7,4,15,42,864
"124","Italy",2828,45,59,16,29,48,1611
"125","France",2620,53,2385,185,60,46.6,1520
"126","Norway",1032,215,125,5,11,42,854
"127","Austria",2000,12,18,10,14,47,1400
"128","Austria",2520,93,268,112,11,43,582
"129","Finland",492,91,7,28,16,46.5,201
"130","Germany",1967,13,19,2,14,51,1047
"131","Finland",718,21,28,6,26,46,518
"132","France",2800,68,70,14,34,47.5,1610
"133","France",2750,60,85,15,29,43,1320
"134","Austria",2740,23,33,11,12,46.5,1340
"135","Sweden",890,17,22,2,22,42,302
"136","Switzerland",2076,3,17,3,6,51,1056
"137","France",2550,115,35,15,52,46.6,1300
"138","Spain",2531,76,47,18,28,48,915
"139","Bulgaria",2560,20,245,37,14,33,1570
"140","Sweden",872,18,15,12,40,46,300
"141","Norway",1060,125,12,45,8,42,610
"142","Austria",3440,4,16,1,6,53,755
"143","Austria",1923,181,74,2,7,49.5,811
"144","Italy",2250,10,9,5,7,51,1390
"145","France",2800,73,42,10,29,41,1500
"146","France",2750,75,90,20,41,41.5,1100
"147","France",2576,56,935,305,35,40.5,968
"148","Italy",2090,48,14,0,4,39,901
"149","Switzerland",2310,60,40,20,16,55,1109
"150","Switzerland",2418,11,26,3,10,56,1316
"151","Switzerland",2433,20,34,6,13,55,1378
"152","Austria",2055,18,77,8,22,51,968
"153","Austria",2000,23,28,3,14,51,1096
"154","Austria",1820,20,9,3,5,44,847
"155","France",2400,46,36,38,22,36.5,1050
"156","France",2050,50,50,25,21,38,1000
"157","France",2437,40,60,20,24,42.7,1273
"158","France",2485,67,42,16,49,43,1435
"159","Austria",2110,13,12,15,9,51.5,1460
"160","Austria",2340,7,21,2,10,43,760
"161","Austria",2030,12,69,37,4,51,760
"162","Austria",1800,6,16,5,11,49,850
"163","Finland",500,5,44,2,7,46.5,280
"164","Austria",1980,19,7,2,10,58,980
"165","Italy",3212,10,18,14,11,46,1201
"166","Sweden",887,22,17,3,49,46,308
"167","Austria",1800,21,12,1,8,44,950
"168","Italy",2030,63,84,12,3,40,890
"169","Switzerland",2970,19,23,12,16,65,2174
"170","Switzerland",2900,265,586,299,21,60,1330
"171","Spain",3282,50,49,78,17,52,1182
"172","Norway",1183,191,132,21,8,47,361
"173","Austria",2456,8,25,8,7,44,1416
"174","Austria",2272,12,215,4,13,43,862
"175","Austria",2300,208,53,2,8,51,877
"176","Austria",2400,26,17,7,10,45,1305
"177","Italy",3250,17,13,14,10,46,1350
"178","Switzerland",2927,55,70,15,19,83,1417
"179","Austria",2060,13,18,9,8,48,1240
"180","Austria",2180,10,10,9,5,42.4,1132
"181","Austria",2175,15,125,5,10,46.5,1225
"182","Germany",1563,5,23,3,14,41,713
"183","Czech Republic",1235,10,159,19,17,22,533
"184","Austria",3113,148,55,3,6,49,963
"185","Austria",3122,52,72,5,9,50,1014
"186","France",2500,58,35,7,29,45,1250
"187","Switzerland",2833,20,30,10,12,58,1606
"188","Andorra",2560,31,24,8,23,41,1010
"189","Germany",1665,8,7,2,5,43,771
"190","Italy",2625,63,117,25,6,43.5,1120
"191","France",2603,75,35,10,20,35,803
"192","Italy",3000,5,128,22,7,38,1600
"193","France",1900,25,25,5,15,45,900
"194","Austria",1911,13,29,3,15,48.5,911
"195","Italy",2350,12,25,3,7,45,741
"196","Austria",2690,10,25,5,6,44,1510
"197","France",2525,11,25,20,17,55,1495
"198","Austria",1743,245,10,15,13,48.5,676
"199","France",2500,55,35,10,21,37.5,1000
"200","Norway",1123,8,11,2,9,36,349
"201","Austria",1338,9,10,1,6,42,472
"202","Austria",2989,20,34,1,12,47,1688
"203","Austria",2278,79,115,16,6,50,618
"204","Italy",2800,54,38,8,17,38,1488
"205","France",2250,45,35,10,15,36,850
"206","France",2725,55,38,7,28,37,875
"207","France",2720,30,60,10,17,38,1170
"208","Spain",2630,37,29,15,13,45.5,1125
"209","Germany",1559,6,24,2,5,42,429
"210","Switzerland",2713,32,38,3,12,57,1513
"211","France",2450,60,45,30,16,35,850
"212","Italy",2502,5,9,4,4,38,901
"213","Austria",2064,114,59,1,11,48,834
"214","Italy",2120,6,13,1,3,45,1172
"215","Sweden",946,5,8,5,10,46,354
"216","Germany",1712,8,22,4,15,41,1012
"217","Southern Russia",2320,62,24,16,26,42,1380
"218","Poland",1257,224,98,44,9,22,733
"219","Switzerland",2961,0,14,17,4,49.6,1517
"220","Switzerland",3006,0,27,8,4,47.4,915
"221","Italy",2141,37,326,209,24,44,832
"222","Italy",2085,427,51,116,24,35,1278
"223","Austria",2212,6,15,1,7,40.5,1432
"224","Switzerland",2215,12,11,7,5,49,731
"225","Austria",2646,5,10,0,4,39,746
"226","Liechtenstein",2000,11,9,3,7,46,400
"227","Germany",2050,12,18,10,17,47.5,1310
"228","France",3275,6,9,14,8,55,2023
"229","Switzerland",2611,59,236,18,7,58,1469
"230","Andorra",2625,13,14,3,15,39.5,685
"231","Switzerland",2558,9,21,6,5,48,958
"232","Germany",1448,7,14,5,14,43,560
"233","Austria",2650,35,132,15,3,58.5,1065
"234","Norway",1250,22,8,4,12,44,700
"235","France",2515,60,30,10,26,45,918
"236","France",2346,40,25,15,19,38.5,966
"237","France",2100,49,29,8,24,39.3,1100
"238","France",2737,40,20,10,8,32,1187
"239","Switzerland",2120,43,38,3,25,61,896
"240","France",2677,28,34,13,12,35.5,1270
"241","Austria",2600,6,15,2,8,39,1118
"242","Slovakia",2190,54,52,12,8,49,1302
"243","Austria",1834,13,15,1,9,44,932
"244","Italy",3012,14,34,2,11,44,1787
"245","Austria",2800,4,10,5,6,40,1160
"246","Germany",1580,85,75,4,10,37,600
"247","Switzerland",2151,352,174,54,9,69,1159
"248","Switzerland",3118,20,20,20,11,54,1796
"249","France",1835,28,50,7,23,37.5,722
"250","Austria",1946,195,119,23,14,51,876
"251","Italy",1600,224,6,2,8,37,426
"252","Austria",1800,7,8,1,4,37,880
"253","Switzerland",2864,9,33,2,11,52,1245
"254","Austria",1870,10,10,2,7,44,1060
"255","France",2528,35,22,8,11,38.5,1120
"256","Southern Russia",2228,10,10,5,6,31,1693
"257","Switzerland",2420,12,37,9,10,54,920
"258","France",2020,45,35,10,23,33.2,608
"259","Italy",2270,283,14,77,11,42,1108
"260","Serbia",2017,30,19,6,23,33,960
"261","France",2750,17,43,5,12,32,1400
"262","Norway",531,5,26,2,9,40,381
"263","Austria",1900,5,9,2,5,38.5,1046
"264","Germany",1500,152,138,5,13,34,500
"265","Switzerland",2490,156,231,128,7,54,1036
"266","Slovakia",1361,5,59,1,16,32,447
"267","Germany",2224,28,51,4,6,51,1396
"268","Austria",2636,28,5,5,5,50,1370
"269","Austria",2115,111,58,71,5,45,618
"270","France",2400,30,26,4,16,41.5,800
"271","Ukraine",1372,29,28,11,16,44,513
"272","Italy",2740,83,355,65,12,46,1200
"273","France",2750,30,22,3,7,32,1250
"274","Switzerland",2550,5,15,5,9,46,1070
"275","Austria",1785,8,15,4,5,39,745
"276","Poland",910,144,39,0,19,24,230
"277","Germany",1463,6,2,0,8,34.5,563
"278","Norway",1148,13,5,1,7,36,348
"279","France",2500,25,30,5,7,35,820
"280","Italy",2060,7,28,17,14,35,1014
"281","France",2300,15,20,15,12,32,1220
"282","Italy",1976,15,25,10,13,38,1076
"283","France",2213,30,19,9,21,40.5,563
"284","Switzerland",2225,20,6,10,11,51,1145
"285","France",2620,10,27,6,4,32.7,1070
"286","Switzerland",2350,30,15,15,17,51,1250
"287","Switzerland",1831,15,30,5,12,51,791
"288","Switzerland",2465,9,3,3,5,36,745
"289","Germany",1139,25,19,6,6,29,298
"290","Austria",1456,8,102,29,9,40,601
"291","Germany",110,3,1,0,3,45,50
"292","Austria",1612,4,2,0,4,41,750
"293","Austria",1625,4,5,1,8,39.9,1182
"294","Germany",1450,72,62,0,5,41.5,630
"295","Austria",1500,7,3,0,7,33.5,442
"296","Austria",2142,8,85,85,5,43,1595
"297","Switzerland",2001,217,194,9,10,53,926
"298","Switzerland",3025,20,30,10,12,54,1370
"299","Italy",2755,16,215,4,17,50,1550
"300","France",2520,26,25,9,16,29.5,920
"301","France",2450,18,13,4,9,37.5,1100
"302","Montenegro",2035,20,20,5,8,20,615
"303","Switzerland",2262,8,40,2,12,58,1362
"304","Italy",2500,57,128,141,5,35,1080
"305","France",2500,25,20,5,14,29,1150
"306","Germany",1024,24,23,0,4,22,365
"307","Austria",2304,65,155,1,6,36.5,1354
"308","Austria",2256,5,13,4,5,38,1396
"309","Netherlands",210,7,5,3,4,46.5,60
"310","Southern Russia",2256,173,263,92,23,42,1307
"311","Czech Republic",900,109,21,5,4,29,190
"312","Austria",1500,47,0,0,8,48,300
"313","Italy",2948,15,19,3,12,43,1398
"314","France",2376,22,23,10,17,40.5,776
"315","Switzerland",2205,43,15,2,13,51,955
"316","France",1850,30,20,10,17,32.9,690
"317","France",2450,35,20,10,21,31,1050
"318","Norway",964,25,8,12,11,41,680
"319","Switzerland",1630,9,19,2,5,38,754
"320","Greece",2300,18,15,3,17,30,700
"321","North Caucasus",2504,164,43,38,5,25.2,854
"322","Southern Russia",2172,75,20,25,13,30,1212
"323","Czech Republic",1244,173,105,37,16,31,481
"324","Italy",2880,14,155,36,6,44,1158
"325","Germany",900,3,4,1,5,24.9,424
"326","Austria",2000,7,4,2,5,33,1180
"327","Germany",820,14,12,15,21,37,190
"328","Austria",1350,65,65,1,2,36,365
"329","Germany",122,3,0,0,2,37,40
"330","Norway",1300,40,7,9,17,41,715
"331","Italy",1892,142,286,13,15,40,652
"332","Switzerland",1800,6,20,6,6,51,1200
"333","Switzerland",2220,14,6,5,4,41,1110
"334","Italy",2500,4,13,1,3,46,750
"335","Italy",1950,15,10,10,8,36,610
"336","France",2415,21,12,3,8,38.5,685
"337","Austria",1774,20,6,0,10,47.5,997
"338","Austria",1690,10,9,3,10,41,1071
"339","Switzerland",2610,35,269,168,12,51,1199
"340","Norway",1107,9,3,0,7,39,207
"341","Switzerland",2941,5,15,5,5,31,1655
"342","Italy",2460,3,17,2,4,38.5,890
"343","Switzerland",1935,12,238,10,8,47,635
"344","France",1966,29,20,6,21,30,726
"345","Slovenia",1327,235,13,5,22,33,1002
"346","Spain",2751,10,227,86,7,39,731
"347","France",2426,25,20,5,9,29,926
"348","Spain",2204,11,21,3,10,43.5,1058
"349","Spain",2291,13,8,4,3,34,781
"350","Switzerland",2123,10,15,5,5,33,1192
"351","France",1680,54,132,21,10,32,780
"352","Switzerland",2400,1,25,4,5,47,920
"353","Austria",1621,6,12,6,12,49,793
"354","Spain",2236,158,183,159,21,45,722
"355","France",2000,20,28,0,14,24.5,1000
"356","Italy",2353,104,81,48,8,43,826
"357","Austria",1965,5,10,4,5,40,956
"358","Switzerland",1593,18,31,1,15,44,523
"359","Slovakia",1840,27,56,0,7,49,464
"360","Germany",838,7,9,0,9,31,260
"361","Germany",1276,74,6,0,9,32,416
"362","France",1800,18,12,5,15,26,900
"363","Italy",1752,9,11,4,10,39.5,998
"364","Norway",1230,14,7,4,7,38,800
"365","Switzerland",2374,13,19,3,9,49,1033
"366","Switzerland",2272,8,8,4,3,40,622
"367","France",2471,21,20,9,9,33,871
"368","Spain",2272,168,188,43,12,43,617
"369","Switzerland",1900,35,36,22,1,69,625
"370","Slovenia",1971,7,15,8,11,35,521
"371","Switzerland",3016,145,55,10,10,61,1673
"372","Italy",1970,9,8,5,7,39.5,1070
"373","North Caucasus",3840,6,12,5,6,28.9,1490
"374","France",1850,30,9,4,19,33.5,550
"375","Italy",1916,87,137,85,12,35,505
"376","France",2125,16,10,6,15,35.5,660
"377","Switzerland",1636,5,20,0,5,37,596
"378","Switzerland",2427,5,20,5,7,50,1027
"379","Bosnia and Herzegovina",1916,3,19,3,8,28,616
"380","Italy",2000,37,21,53,11,35,800
"381","Spain",2135,10,10,2,9,29,587
"382","Austria",1820,25,5,1,5,41,710
"383","Iceland",700,10,5,0,15,24,240
"384","Austria",1821,3,55,5,5,42,671
"385","Austria",1589,25,25,0,3,39,700
"386","Austria",2700,0,4,1,5,40.5,436
"387","Austria",2200,7,27,2,9,44,650
"388","Germany",1800,36,74,0,7,39,1170
"389","Italy",2307,105,4,5,2,28,577
"390","Austria",2000,6,9,2,8,40,1230
"391","Italy",2700,14,32,4,5,22.2,1365
"392","Spain",2310,20,15,5,14,36,565
"393","France",1610,30,17,3,23,26,687
"394","Switzerland",1900,175,8,45,9,46,650
"395","Austria",1608,6,11,3,6,40,508
"396","Bulgaria",1926,176,65,55,13,30,306
"397","Sweden",1119,19,9,2,10,42,665
"398","Italy",2073,45,7,15,5,39.5,1193
"399","Italy",2246,6,12,2,5,27.2,731
"400","Switzerland",2001,15,25,0,14,48,801
"401","Switzerland",2400,12,13,2,4,46,1050
"402","France",2100,8,15,4,10,19,700
"403","Spain",2421,107,117,43,6,34,771
"404","France",2140,20,13,2,11,23.4,690
"405","Germany",2720,7,13,0,10,49.5,720
"406","Germany",730,3,34,16,8,28,125
"407","Italy",2064,7,10,2,5,26,884
"408","Italy",2000,35,2,28,2,59,790
"409","France",2184,36,17,2,15,28.5,817
"410","Germany",1030,2,2,5,3,23,310
"411","Italy",2500,2,9,3,5,34,1060
"412","France",2270,13,16,0,13,55,817
"413","Italy",2056,4,9,7,7,35,551
"414","Switzerland",2525,17,20,3,6,40.8,917
"415","Romania",2090,34,117,28,9,30,1084
"416","France",2100,20,14,6,15,32.5,1000
"417","Switzerland",1630,105,10,8,7,36,650
"418","France",2450,15,15,3,6,29.8,1000
"419","Sweden",407,13,8,2,12,39,275
"420","Switzerland",2640,15,20,0,6,49,1145
"421","Slovenia",1287,9,6,3,8,33,352
"422","Austria",2070,10,11,3,6,35,548
"423","Switzerland",1750,14,5,1,5,37,700
"424","Norway",1188,17,5,3,13,42,1008
"425","France",1463,196,18,24,18,28.5,463
"426","France",1500,15,12,3,12,26.95,600
"427","Romania",1868,23,155,19,12,23,738
"428","Austria",2026,4,3,2,4,33,973
"429","Switzerland",2256,1,15,14,7,36.6,1081
"430","France",2355,7,17,2,12,31.5,945
"431","Italy",1611,13,12,10,8,24,513
"432","Italy",2163,4,16,2,7,30,1003
"433","Norway",1178,18,12,42,18,44,378
"434","France",2322,20,13,7,8,29,472
"435","Italy",2742,105,10,0,8,58,920
"436","Italy",1877,10,7,3,4,22.8,472
"437","Bulgaria",2560,24,29,5,13,32,1260
"438","Italy",1584,4,5,1,3,37.5,573
"439","Austria",1325,4,6,1,6,35.5,255
"440","Italy",1738,48,216,22,5,35,1036
"441","France",3000,9,195,35,10,29.8,1150
"442","France",2200,25,7,3,12,27,700
"443","France",1800,6,21,1,10,25.9,850
"444","Bulgaria",2290,12,6,2,15,20,950
"445","Northwest Russia",1047,135,85,47,8,17,667
"446","Switzerland",2680,2,34,6,6,39,1300
"447","Switzerland",1571,9,9,2,4,38,547
"448","Sweden",665,18,5,9,19,41,245
"449","Bulgaria",1873,83,53,0,3,30,718
"450","Italy",3000,51,218,26,7,27,1673
"451","Slovenia",1217,4,6,2,4,28,637
"452","Austria",1522,1,5,1,2,35.9,962
"453","Italy",1865,35,12,15,6,39.5,620
"454","Italy",2270,8,3,2,3,32,732
"455","Austria",1900,72,59,6,6,35,1250
"456","Austria",1600,13,8,2,10,43,980
"457","Italy",1583,68,108,44,5,36,323
"458","Norway",1003,8,10,2,5,37,903
"459","Italy",2040,64,62,12,6,54,711
"460","France",1840,30,10,1,14,33.5,640
"461","Italy",2023,6,4,2,2,28,675
"462","Spain",2036,14,6,1,11,35,552
"463","United Kingdom",1221,7,10,3,12,39,566
"464","Switzerland",2176,8,8,4,5,39,1006
"465","France",2400,183,105,28,6,21,570
"466","Sweden",1125,13,9,5,8,35,492
"467","North Macedonia",2525,6,7,7,9,20,817
"468","Italy",3450,8,1,0,6,49,690
"469","Germany",1116,18,53,9,6,25,281
"470","Austria",1840,1,8,2,3,33.5,855
"471","Germany",1356,6,2,0,2,26,262
"472","Austria",1267,95,3,15,5,38,403
"473","France",2153,134,10,16,10,36,626
"474","Switzerland",2338,7,10,3,5,40,998
"475","Austria",1626,7,7,15,4,38,826
"476","France",1533,3,119,3,6,32,533
"477","Italy",2064,211,54,35,5,31,404
"478","Spain",2120,136,109,32,13,34,470
"479","Austria",1600,57,76,37,8,37.5,920
"480","France",1140,24,14,2,19,28.9,370
"481","Sweden",567,17,5,1,19,40,415
"482","France",1800,22,6,2,7,22,350
"483","Austria",1567,235,10,5,8,37.5,817
"484","Czech Republic",1260,31,109,1,11,32,660
"485","Germany",1210,101,73,6,9,34,460
"486","Switzerland",2569,10,12,1,3,40,1181
"487","Sweden",1038,20,15,3,16,45,295
"488","Serbia",1495,16,42,12,4,19,395
"489","Austria",1808,55,10,35,7,39.5,428
"490","North Caucasus",3260,6,10,4,5,28.9,1140
"491","Italy",1610,72,51,3,5,57,435
"492","Norway",1250,131,3,38,6,40,675
"493","Slovenia",1800,95,125,0,9,33,1231
"494","Italy",2028,15,5,1,3,22,633
"495","France",2300,137,8,13,7,23,1050
"496","Austria",1200,44,16,3,5,36.5,488
"497","France",1678,176,87,24,21,32.4,541
"498","Italy",1872,16,161,22,5,35,455
"499","Austria",1560,6,6,0,7,30,600
"500","Austria",2023,5,113,42,4,50,1355
"501","Italy",1733,22,119,41,4,36,320
"502","Germany",1338,6,5,66,12,38,479
"503","Switzerland",1941,36,37,16,5,69,895
"504","France",2146,20,8,2,8,24.5,586
"505","France",2800,20,12,1,16,29.8,1050
"506","Italy",2235,36,45,5,4,27,1120
"507","Sweden",1000,76,94,8,9,41,300
"508","France",2050,18,15,7,12,25.3,500
"509","Italy",2235,3,13,0,3,28,432
"510","France",1920,16,12,2,7,19,500
"511","Switzerland",1868,95,5,3,5,45,884
"512","Spain",1840,12,10,3,8,28,385
"513","France",1912,8,7,4,12,24.5,912
"514","Italy",2400,5,8,7,3,21,1067
"515","Italy",2450,7,11,3,3,30,810
"516","Serbia",2169,7,3,3,5,19,694
"517","Greece",2232,6,9,5,9,5,582
"518","Italy",1675,7,12,4,5,28,625
"519","North Macedonia",1860,17,3,5,14,18,605
"520","France",2500,12,12,1,6,29.8,850
"521","Sweden",830,26,3,3,18,37,387
"522","Czech Republic",1028,10,11,9,6,25,307
"523","Czech Republic",1095,55,53,7,4,27,521
"524","Montenegro",1907,19.8,8.4,3.6,1,17.8,337
"525","Slovenia",1480,12,10,1,6,29.5,940
"526","Norway",1140,9,17,6,10,39,335
"527","Austria",2248,34,78,1,5,37,818
"528","Bosnia and Herzegovina",1281,107,14,4,3,13,361
"529","Spain",2030,68,95,45,7,30,390
"530","Switzerland",2002,19,4,7,5,33,902
"531","Austria",2271,61,35,1,6,40,946
"532","Switzerland",1500,5,46,4,4,37,615
"533","Czech Republic",1315,76,47,14,8,26,658
"534","Italy",1945,5,7,2,6,33,527
"535","Italy",2480,10,8,2,2,18,850
"536","Austria",1605,68,41,0,4,29,830
"537","Italy",2250,3,10,84,5,33,1200
"538","United Kingdom",900,24,10,6,21,35,250
"539","Austria",1426,7,8,4,6,40,614
"540","France",2400,128,69,28,15,30,760
"541","Germany",1475,7,4,1,4,31,849
"542","Slovenia",2292,42,63,0,10,39.5,1189
"543","France",2320,15,6,1,7,32.5,590
"544","Romania",1783,58,28,51,10,31,842
"545","Norway",735,10,3,2,5,37,473
"546","Switzerland",2500,105,65,35,6,41,1300
"547","Sweden",1005,4,4,2,5,41,315
"548","Czech Republic",940,69,35,0,6,22,255
"549","Austria",1800,25,25,0,2,40.5,600
"550","Slovakia",1041,5,6,1,6,33,389
"551","Italy",2028,2,18,0,4,30,766
"552","Italy",2002,6,6,6,3,29,484
"553","Switzerland",2289,10,17,3,9,52,1039
"554","Switzerland",2980,20,18,9,6,37,980
"555","Romania",1451,18,44,12,2,29,411
"556","Slovakia",1209,3,75,15,9,32,664
"557","Italy",1860,94,68,1,2,20,880
"558","Italy",1621,10,8,2,7,32,392
"559","France",1982,10,12,2,8,22.1,722
"560","United Kingdom",1070,7,10,73,8,39,710
"561","Slovakia",1532,2,9,4,13,34,931
"562","Spain",2368,86,182,0,3,29,378
"563","Austria",1887,95,24,21,3,34,535
"564","Poland",1987,35,115,0,4,28,973
"565","Germany",1050,2,5,1,8,19.5,210
"566","Poland",1126,2,2,0,2,24,261
"567","Germany",760,6,1,6,4,23,140
"568","France",1730,11,3,1,8,25.5,794
"569","France",1807,16,12,2,13,27.5,467
"570","Switzerland",1450,10,5,5,5,22,670
"571","Norway",945,4,2,1,3,39,245
"572","Italy",1820,32,34,19,5,28,585
"573","Italy",1652,57,22,74,2,26,543
"574","France",1785,182,4,18,12,19,415
"575","Poland",1025,13,78,2,28,24,214
"576","Sweden",394,56,41,29,7,33,180
"577","Slovenia",1215,10,8,2,17,35.5,415
"578","Switzerland",2075,8,10,2,3,31,775
"579","Italy",2090,6,12,1,4,22,630
"580","Switzerland",2204,9,9,2,3,42,656
"581","Poland",1362,33,67,2,8,24,655
"582","Switzerland",1491,6,6,0,5,37,691
"583","Switzerland",2200,6,4,10,3,40,600
"584","Switzerland",1680,58,62,0,5,41,480
"585","France",1350,13,7,1,16,32,478
"586","France",1704,12,5,1,10,15.2,254
"587","Italy",1696,11,1,2,2,20,567
"588","Italy",1534,3,3,1,4,38,669
"589","France",1860,13,10,2,10,26.5,440
"590","Switzerland",1960,15,7,15,4,51,590
"591","Italy",1705,1,12,2,4,30,549
"592","Northwest Russia",852,15,14,1,7,16.2,462
"593","Spain",2174,3,6,1,5,27,471
"594","Spain",2278,188,35,0,13,38,418
"595","Poland",1350,26,17,15,6,17,530
"596","Italy",2060,7,7,2,2,20,530
"597","Austria",2000,2,11,2,5,43,400
"598","Sweden",794,8,12,0,10,45,374
"599","France",1736,12,7,3,5,19,456
"600","France",2055,9,82,18,9,29.9,605
"601","United Kingdom",1230,24,6,2,11,31,590
"602","Austria",1818,18,10,0,6,37,358
"603","Kosovo",2522,2,101,35,9,27.9,804
"604","France",1700,22,5,2,11,17.5,445
"605","Norway",700,66,52,16,5,39,200
"606","Bosnia and Herzegovina",1528,59,71,0,5,18,339
"607","Norway",924,10,6,1,9,39,364
"608","Poland",1250,15,62,16,9,24,415
"609","Norway",1203,14,5,1,4,37,547
"610","Bosnia and Herzegovina",2067,45,7,1,8,18,797
"611","Switzerland",2194,3,10,2,4,40,708
"612","Italy",1650,11,9,0,3,23.6,300
"613","Germany",1417,15,1,0,4,24,707
"614","Germany",1400,0,13,0,5,32,400
"615","Austria",865,17,1,0,2,24.1,95
"616","Austria",1565,45,37,21,4,41,475
"617","Italy",1694,5,108,31,4,28,742
"618","Slovakia",1055,2,55,0,3,24,270
"619","Bulgaria",2350,5,45,0,3,26.6,910
"620","Sweden",875,13,3,3,14,46,427
"621","Italy",2216,5,7,3,5,49,343
"622","France",1600,12,5,1,10,20.5,588
"623","Germany",1405,1,6,5,2,25,640
"624","France",1541,10,4,2,9,19,596
"625","Italy",2000,4,2,3,8,23,898
"626","France",2000,5,5,3,8,22.1,550
"627","Austria",1305,2,2,1,3,31,305
"628","Austria",2007,35,64,2,3,39,928
"629","Romania",1539,25,55,0,6,23,561
"630","Czech Republic",1232,64,37,6,7,27,582
"631","Czech Republic",860,65,38,0,4,18,240
"632","Spain",2000,14,1,0,7,36,350
"633","Switzerland",1684,10,10,0,6,33,753
"634","Sweden",946,8,4,2,11,46,440
"635","Czech Republic",1351,2,5,1,5,21,569
"636","France",1710,10,8,2,7,20.5,660
"637","Italy",2000,7,8,0,9,39.5,750
"638","Italy",2510,2,4,3,4,26,1060
"639","Austria",1715,5,4,1,7,33.9,1060
"640","France",2000,11,7,2,6,24.5,500
"641","Slovakia",1160,29,36,15,7,26.2,340
"642","Poland",805,11,14,0,1,15,75
"643","Italy",1785,24,19,0,1,20,407
"644","Austria",1467,9,12,4,12,34.6,767
"645","Italy",2336,15,88,0,4,35,526
"646","Czech Republic",812,48,22,6,6,23,270
"647","Romania",1225,14,28,0,1,27.8,450
"648","Austria",780,3,2,0,3,29.5,140
"649","Italy",1814,14,2,0,4,16,328
"650","Lithuania",163,12,0,0,2,29,66
"651","Germany",955,2,0,0,2,20,205
"652","Germany",800,41,27,41,7,26,200
"653","France",1657,16,12,1,6,17,252
"654","Switzerland",2536,3,2,4,5,38,717
"655","Germany",1675,1,6,0,6,30.5,875
"656","Austria",1210,38,4,0,3,29,400
"657","Spain",1950,42,33,13,4,26,463
"658","Italy",1600,1,25,0,2,20,465
"659","Romania",1940,38,23,0,5,23,620
"660","Austria",1674,22,35,0,4,32,714
"661","Italy",2547,3,87,0,9,37,1207
"662","Poland",840,15,12,8,4,27,240
"663","Switzerland",2560,13,13,4,4,40,791
"664","Norway",1300,7,4,1,7,38,620
"665","Poland",902,16,13,0,2,21,292
"666","Poland",861,6,16,0,3,23,164
"667","Italy",1775,7,8,0,2,22,400
"668","Italy",2060,48,59,3,3,30,447
"669","Greece",2115,1,14,4,8,13,469
"670","Slovakia",1498,29,25,3,5,29,468
"671","Spain",1979,10,7,0,9,37.5,242
"672","France",1600,5,5,2,9,22,490
"673","Austria",1886,54,114,38,7,36,346
"674","Germany",1230,0,3,6,2,20.4,500
"675","Italy",2185,3,10,2,6,28,685
"676","Czech Republic",870,25,36,9,9,18,240
"677","Poland",1114,9,65,1,8,24,470
"678","Sweden",990,5,12,5,8,33,317
"679","Spain",1760,8,2,0,6,25,255
"680","Czech Republic",958,25,6,0,8,24,401
"681","Switzerland",2267,7,5,3,4,40,672
"682","Norway",565,5,2,2,5,38,330
"683","Italy",2250,1,10,0,4,30.6,1066
"684","Austria",2109,3,9,0,7,41.9,1500
"685","Italy",2063,32,17,29,2,20,863
"686","Czech Republic",1000,25,59,8,9,22,460
"687","Greece",2340,36,62,22,7,25,640
"688","Slovakia",850,2,14,0,2,27,271
"689","Iceland",950,6,7,19,7,31,474
"690","Switzerland",1870,10,30,0,13,51,425
"691","Romania",1295,2,27,0,2,29,295
"692","Austria",1671,5,7,1,5,41,521
"693","Sweden",909,10,10,1,6,39,387
"694","Switzerland",1460,10,10,10,8,36,369
"695","Austria",1200,11,2,0,3,28,600
"696","Italy",1700,4,2,2,2,26.6,600
"697","Greece",2000,45,56,1,5,15.8,350
"698","Bulgaria",2272,5,35,5,2,23.8,687
"699","Netherlands",80,3,3,0,6,46.5,65
"700","Poland",1046,13,23,1,6,24,216
"701","Austria",1102,1,4,0,2,34.5,288
"702","Austria",1531,6,5,0,4,28,561
"703","Romania",1795,36,66,0,5,29,379
"704","Italy",2000,46,2,3,2,20,550
"705","Austria",1300,8,25,2,5,38,404
"706","Poland",1557,2,5,1,11,22,807
"707","France",1751,8,7,5,10,20,506
"708","Switzerland",2000,11,15,25,4,43,600
"709","Austria",1885,7,8,0,7,51.5,955
"710","Sweden",789,10,4,6,5,42,350
"711","Switzerland",2200,10,45,5,4,41,940
"712","France",1630,4,6,0,7,29,610
"713","Romania",1720,6,43,31,8,24.6,420
"714","Central Russia",193,5,1,0,2,20.2,60
"715","Austria",1976,4,7,1,4,48,976
"716","France",1950,10,13,0,13,29,550
"717","Sweden",306,25,25,25,8,38,200
"718","Sweden",823,4,3,3,6,35,401
"719","Switzerland",1890,4,4,2,3,37,660
"720","Italy",1831,2,5,4,2,30,481
"721","Italy",1845,21,33,21,6,29,757
"722","Italy",2604,7,56,0,5,30,694
"723","France",2200,8,2,8,6,29.8,650
"724","France",1851,3,3,4,5,19.5,701
"725","Italy",2400,43,3,1,3,46,830
"726","Italy",1491,56,112,11,8,29,222
"727","Slovakia",1396,2,10,2,10,30,676
"728","Ukraine",1223,5,3,1,5,21,552
"729","Italy",1880,23,82,5,7,35,493
"730","Italy",1485,19,91,24,3,28,283
"731","Ukraine",1036,2,6,5,4,26,545
"732","Italy",1630,3,3,2,4,27,620
"733","Czech Republic",1215,51,74,5,12,32,385
"734","France",1211,8,5,1,9,25.5,343
"735","Czech Republic",710,52,3,0,5,18,153
"736","Italy",1868,2,6,14,4,28,362
"737","Finland",284,10,8,2,14,41,200
"738","Italy",2020,2,2,3,5,36,380
"739","Austria",1078,10,4,2,7,29.5,358
"740","Austria",1836,1,8,1,5,55.5,907
"741","Poland",1001,7,4,0,10,18,391
"742","Italy",2100,2,5,35,6,28,432
"743","Romania",2010,17,92,14,3,23,360
"744","Germany",1350,6,7,2,8,30.5,370
"745","Sweden",370,5,3,13,8,37,200
"746","Italy",1740,4,32,16,2,15,688
"747","Switzerland",2400,4,8,0,7,70,728
"748","France",2020,20,15,0,8,19,470
"749","Austria",1840,7,2,3,4,30.5,440
"750","Poland",1100,5,2,0,2,22.2,590
"751","Italy",1750,2,73,1,2,27,390
"752","Czech Republic",1019,15,0,0,2,22,314
"753","Norway",873,66,42,4,4,34,550
"754","Poland",1060,8,17,0,2,28,440
"755","Czech Republic",1019,64,4,2,9,23,479
"756","Italy",1729,38,24,21,4,27,269
"757","Ukraine",1232,3,7,2,8,20.6,550
"758","Austria",1077,2,12,8,2,21,225
"759","Belgium",102,4,1,0,3.4,40,42
"760","Italy",1860,22,58,0,4,28,635
"761","Italy",1895,8,14,8,6,20,535
"762","Czech Republic",865,43,29,0,6,32,245
"763","Italy",1795,8,5,2,6,26,349
"764","Switzerland",2270,5,15,5,3,39,520
"765","Switzerland",1500,0,9,3,5,34,760
"766","Austria",1280,1,3,0,4,49,610
"767","Ukraine",1060,1,5,1,3,24,268
"768","Italy",1997,3,5,4,5,25,377
"769","Switzerland",2700,17,5,3,4,37,583
"770","France",1800,88,79,19,9,24,400
"771","Italy",2297,2,5,1,4,30,763
"772","Italy",2340,3,6,0,2,25,650
"773","Austria",1324,35,25,0,5,36,394
"774","Switzerland",1850,5,6,3,6,39,500
"775","Switzerland",1283,1,6,0,2,33,537
"776","Slovenia",1542,28,36,16,7,31,532
"777","Austria",1810,2,8,0,7,32,1000
"778","Norway",350,1,2,1,3,38,280
"779","Czech Republic",1020,37,3,13,5,25,370
"780","Greece",2005,4,3,2,6,14,585
"781","Greece",2480,98,47,0,5,15,450
"782","Sweden",872,10,5,0,8,34,323
"783","Austria",1980,59,25,0,4,40.5,530
"784","Switzerland",2362,7,6,4,6,49,398
"785","Germany",1700,21,147,0,8,32,800
"786","Italy",1592,25,8,1,7,25,303
"787","Spain",2535,54,4,1,8,27,576
"788","Austria",1230,29,37,22,3,28.6,250
"789","Switzerland",1950,3,75,22,4,33,465
"790","Italy",1734,4,11,2,4,22,920
"791","Austria",1363,3,3,2,3,32,223
"792","Italy",1738,12,61,27,8,25,368
"793","Switzerland",2040,2,3,2,5,41,990
"794","Italy",1397,34,67,0,2,24,161
"795","Greece",1912,8,4,0,5,13,502
"796","Slovakia",1456,2,3,0,6,32,306
"797","Italy",2498,1,7,0,5,26,686
"798","Russia",182,4,2,0,4,21,125
"799","Romania",657,2,1,0,3,22.2,277
"800","Italy",1837,2,6,2,6,22.8,391
"801","Greece",2220,37,27,2,8,17.6,380
"802","Netherlands",52,5,0,0,4,46.5,22
"803","Poland",997,21,1,9,4,24,210
"804","Austria",690,5,0,0,2,21,120
"805","Germany",970,10,13,5,7,33,405
"806","France",1242,15,1,0,3,27,180
"807","Italy",2654,15,6,0,5,20,1031
"808","Italy",2240,2,5,1,3,26,600
"809","Slovenia",1220,3,25,15,5,12,420
"810","Germany",1307,29,18,4,3,26,427
"811","Italy",1588,15,53,12,2,25,218
"812","Italy",2250,4,2,1,4,19,400
"813","Sweden",1010,10,12,3,17,37,420
"814","Germany",726,19,18,6,5,27.9,166
"815","Switzerland",1490,2,5,0,3,32,564
"816","Slovenia",1517,2,85,15,13,35,467
"817","Italy",1478,14,55,1,2,22,906
"818","Italy",2164,48,4,2,3,16,775
"819","Italy",2403,49,12,14,5,22,1253
"820","Romania",1445,0,14,6,1,24.8,256
"821","Czech Republic",800,25,2,5,8,18,200
"822","Austria",1330,2,55,5,4,28.2,493
"823","France",1495,75,41,12,6,27.9,317
"824","Slovakia",940,35,36,5,5,24,150
"825","Sweden",472,8,2,2,6,35,180
"826","Poland",950,2,17,0,5,24,150
"827","Greece",1850,11,6,0,11,15,330
"828","Sweden",195,4,1,0,7,37,152
"829","Austria",1300,5,2,0,4,33,590
"830","Italy",2131,1,3,2,1,19,408
"831","Bulgaria",2236,2,25,5,4,18,824
"832","France",1807,13,8,2,13,20.5,407
"833","France",1525,6,3,15,6,20,199
"834","Slovakia",759,32,38,0,2,22,237
"835","Slovakia",1252,5,31,15,6,24,317
"836","Switzerland",2180,4,21,0,4,34,603
"837","Ukraine",1703,4,5,1,13,30,303
"838","Norway",918,10,5,0,8,34,461
"839","France",2536,123,75,17,6,22.5,936
"840","France",1800,18,8,0,7,21,300
"841","Italy",1950,3,3,1,4,18,875
"842","United Kingdom",775,5,9,4,12,35,138
"843","Germany",1620,0,0,32,1,23.8,830
"844","Switzerland",2400,5,47,0,4,37,860
"845","Italy",1825,27,25,13,5,28,475
"846","Sweden",570,4,3,2,4,33,210
"847","Switzerland",1720,1,75,15,6,32,872
"848","Sweden",542,6,4,1,6,35,139
"849","Hungary",509,54,1,13,8,27,176
"850","Poland",851,26,2,0,5,22.6,462
"851","Germany",770,13,7,0,2,19,120
"852","France",280,7,0,0,1,29,80
"853","Norway",1060,0,4,2,1,39,360
"854","Germany",836,8,0,0,2,19,56
"855","France",1562,5,2,11,5,20,268
"856","Switzerland",1460,11,6,3,3,30,390
"857","Slovenia",1570,29,49,7,6,31,420
"858","Austria",1460,4,8,0,5,34,240
"859","Finland",235,2,54,47,14,43,151
"860","Ural Federal District",683,122,58,37,8,27,408
"861","Italy",1936,25,27,13,3,20,185
"862","Finland",312,5,48,1,7,41,160
"863","Austria",1500,3,4,2,4,34,400
"864","Sweden",985,132,44,25,3,45,310
"865","Romania",2208,0,0,14,1,20.2,508
"866","Germany",1708,10.6,3.8,8.6,1,31.3,852
"867","Italy",1643,5,43,1,1,20.6,217
"868","Italy",2050,15,15,2,2,15,386
"869","Austria",1750,4,3,0,2,37,450
"870","Norway",550,38,49,46,3,34,500
"871","Spain",1800,4,3,0,6,22,287
"872","Italy",2040,6,27,21,3,24,422
"873","Germany",1723,0,7,42,4,38,932
"874","Italy",1109,3,1,1,3,20,165
"875","Italy",1780,15,2,7,2,24,670
"876","Czech Republic",1202,35,36,9,11,25,348
"877","Norway",865,7,5,4,5,32,495
"878","Slovenia",1549,2,4,1,5,22,259
"879","Switzerland",2800,3,10,12,3,36,850
"880","Austria",1450,5,2,1,4,36,300
"881","Sweden",390,3,33,7,7,35,265
"882","Central Russia",190,3,18,16,8,22,50
"883","Italy",1800,4,3,1,4,22.8,371
"884","Slovakia",1230,3,1,1,6,16,592
"885","Romania",1620,9.6,37.2,0,2,24,850
"886","Germany",1687,31,85,0,5,29,249
"887","Sweden",889,5,5,4,5,36,327
"888","Sweden",309,2,32,8,8,36,150
"889","Poland",720,22,15,0,4,19,264
"890","Austria",1230,3,2,1,3,34,370
"891","Germany",1050,2,3,1,3,25,393
"892","Germany",1200,1,1,5,6,27,250
"893","Italy",1630,24,24,2,4,28,430
"894","Czech Republic",1164,13,18,8,8,20,302
"895","Switzerland",2221,6,2,0,6,39,695
"896","Czech Republic",1098,62,18,4,9,16,478
"897","Norway",1244,3,7,4,3,35,509
"898","France",1756,3,1,0,4,15.5,240
"899","Sweden",950,4,3,11,4,38,405
"900","Norway",648,10,3,2,4,39,518
"901","Austria",1886,7,9,2,7,30,306
"902","France",1730,10,4,2,7,21.7,380
"903","Norway",1280,8,7,2,5,36,450
"904","Slovenia",1361,3,2,0,1,18,380
"905","Sweden",920,6,7,2,5,39,500
"906","Sweden",799,10,5,25,3,33,289
"907","Italy",1810,6,38,6,3,23,305
"908","Portugal",1997,24,25,1,3,25,146
"909","Austria",2080,0,15,0,3,33,1099
"910","Italy",1429,4,19,0,1,19.2,354
"911","Germany",113,4,2,0,1,54,77
"912","United Kingdom",141,5,0,0,3,66,31
"913","United Kingdom",146,3,0,0,4,52,30
"914","Netherlands",25,3,0,0,2,46.5,20
"915","Germany",820,18,0,0,2,18,90
"916","Austria",1268,1,0,0,1,15,79
"917","Iceland",700,3,4,0,4,25,320
"918","Italy",1650,27,2,8,3,24,350
"919","France",1110,5,4,1,9,23,280
"920","Spain",2197,1,4,0,2,22,485
"921","Norway",815,76,65,16,6,34,570
"922","Switzerland",1930,25,45,0,5,36,300
"923","Ukraine",767,48,15,0,2,18,167
"924","Poland",891,15,4,0,3,21,151
"925","Austria",1342,11,5,0,4,33,632
"926","Romania",1670,14,8,9,2,25,180
"927","Switzerland",1550,8,4,1,2,34,500
"928","Switzerland",1580,10,10,0,9,30,430
"929","Switzerland",1950,2,3,1,3,39,830
"930","Germany",1600,8,42,1,2,17.5,791
"931","Sweden",503,4,3,1,5,33,215
"932","France",1300,3,2,1,5,15,146
"933","Sweden",450,102,49,9,7,35,290
"934","Austria",1600,35,5,2,5,33,350
"935","Italy",1776,48,6,3,2,22.2,220
"936","Ukraine",1200,2,5,0,4,20.6,480
"937","Bosnia and Herzegovina",1757,1,5,6,4,13,467
"938","France",1547,42,34,15,6,27.9,457
"939","Poland",810,11,6,0,4,23,215
"940","Czech Republic",850,22,9,14,10,19,240
"941","Poland",720,44,16,0,4,21,160
"942","Finland",437,45,2,5,5,43,180
"943","Italy",1850,28,23,2,5,20,430
"944","Norway",822,7,4,2,5,32,465
"945","Switzerland",1670,26,3,0,6,36,330
"946","Italy",2120,3,2,0,2,35,359
"947","Finland",410,5,6,2,5,44,248
"948","France",1780,83,16,43,5,22,270
"949","Norway",1115,49,69,16,5,35,355
"950","Romania",1156,23,21,19,3,21,248
"951","Italy",1585,34,23.4,5.2,3,20,285
"952","Finland",348,53,59,19,5,34,135
"953","Switzerland",1200,3,5,0,5,33,370
"954","Poland",685,15,1,13,3,23,200
"955","Bosnia and Herzegovina",1492,1,15,5,3,18,332
"956","Poland",712,1,0,0,2,23,152
"957","Germany",1674,1,1,1,6,34,1085
"958","Switzerland",1228,6,6,2,3,27,308
"959","Sweden",791,4,8,3,9,31,191
"960","Norway",1216,24,92,26,6,37,361
"961","Austria",1776,0,0,75,1,36.54,1307
"962","Romania",1170,1,29,0,2,26.8,570
"963","Austria",1000,8,21,1,3,21,200
"964","Germany",1024,4,0,0,5,20,174
"965","Germany",891,6,4,0,2,19.5,130
"966","Poland",998,2,0,0,2,24,162
"967","Austria",1004,1,0,0,1,17,86
"968","Finland",318,22,19,21,4,38,234
"969","France",1760,3,2,0,6,15,560
"970","Poland",954,28,21,6,3,15,152
"971","Spain",2260,41,25,1,5,31,296
"972","Italy",1845,8,3,7,2,30,275
"973","France",1700,12,1,7,11,17.5,450
"974","Finland",213,34,17,12,4,39.5,128
"975","Switzerland",2333,5,7,1,4,39,383
"976","Italy",1785,2,2,0,3,25,521
"977","Norway",515,68,68,14,6,31,315
"978","Austria",1078,7,5,2,6,27,363
"979","Montenegro",2213,28,11,8,6,12,698
"980","Czech Republic",805,23,23,5,6,17,195
"981","Slovenia",965,15,65,0,6,17.7,265
"982","Romania",1251,7,48,0,5,25.6,435
"983","Poland",711,11,2,9,3,19,116
"984","Slovakia",830,15,36,5,7,25,320
"985","Greece",1471,3,25,2,5,12,301
"986","Poland",716,4,2,0,5,21,196
"987","Croatia",1030,15,15,1,3,13,300
"988","France",1526,3,59,2,4,20,456
"989","Czech Republic",913,21,36,8,7,19,198
"990","France",1240,3,11,1,6,16,290
"991","Switzerland",1752,45,45,0,7,47,437
"992","Italy",1530,7,0,0,2,18.6,160
"993","Finland",425,4,52,25,9,39,195
"994","Norway",1300,3,1,0,1,38,240
"995","Czech Republic",733,1,15,5,2,18,133
"996","France",1850,4,5,1,5,22.1,550
"997","Austria",1200,4,5,3,4,27,350
"998","France",1800,45,6,15,8,17.3,400
"999","Romania",971,1,36,0,1,37,298
"1000","Austria",1520,4,6,2,5,27,210
"1001","Czech Republic",992,15,15,1,4,23,252
"1002","Germany",660,12,6,18,4,29,125
"1003","France",2013,6,3,2,5,21,486
"1004","Poland",1090,38,0,0,4,22,212
"1005","Switzerland",1593,5,2,2,11,37,528
"1006","Norway",875,7,1,2,4,35,550
"1007","Finland",340,3,6,25,6,34,169
"1008","North Caucasus",2380,1,3,0,2,26.3,450
"1009","Romania",1246,2,24,0,2,23.6,526
"1010","Netherlands",30,3,0,0,2,30.5,20
"1011","Germany",593,12,8,0,2,22,84
"1012","Germany",815,0,7,0,3,20,150
"1013","France",1574,43,2,5,7,18,524
"1014","Italy",1724,6,21,13,3,25,349
"1015","Austria",1710,6,4,2,7,36,390
"1016","Poland",886,45,9,2,5,23,276
"1017","Bosnia and Herzegovina",1758,15,3,0,2,15,458
"1018","Bosnia and Herzegovina",1551,15,2,5,3,15.6,261
"1019","Slovenia",902,9,16,6,3,17.1,431
"1020","Croatia",1363,35,2,0,4,23.4,263
"1021","Switzerland",2539,2,2,4,3,30,551
"1022","France",1350,137,13,0,12,19,250
"1023","Germany",1140,2,4,0,3,23.5,330
"1024","Switzerland",1400,10,2,0,3,31,540
"1025","France",1600,4,7,0,7,19.8,550
"1026","Slovenia",1666,3,19,8,4,22,254
"1027","Slovakia",929,28,0,0,3,21,124
"1028","Norway",1000,6,6,0,3,34,675
"1029","Austria",1700,3,7,1,5,38,470
"1030","Norway",950,8,3,1,3,38,450
"1031","Switzerland",1360,4,4,0,7,33,280
"1032","Finland",780,8,3,1,2,39.5,340
"1033","Poland",680,3,3,0,2,21,100
"1034","Switzerland",2200,8,7,0,3,26,470
"1035","Italy",1311,8,25,7,6,26.6,211
"1036","Germany",928,5,8,0,4,17,318
"1037","Italy",1820,4,19,1,2,15,250
"1038","Italy",1835,2,2,0,2,19,252
"1039","Greece",1806,34,12,3,4,13,156
"1040","Norway",740,5,3,1,2,36,230
"1041","France",1340,6,3,1,9,20,240
"1042","Switzerland",1263,55,25,2,3,26,401
"1043","Norway",950,4,35,2,3,35,470
"1044","Sweden",804,5,3,1,3,32,206
"1045","Sweden",890,5,3,2,2,24,190
"1046","France",1402,42,4,18,11,19,217
"1047","France",2100,32,32,1,3,15.3,620
"1048","Norway",1200,4,5,1,1,35,360
"1049","Switzerland",1482,55,3,15,2,25,332
"1050","Iceland",487,45,25,2,3,17,372
"1051","Iceland",840,3,2,4,3,22,327
"1052","Norway",1040,5,2,25,5,35,474
"1053","Germany",1240,3,5,2,6,25,360
"1054","Norway",710,35,55,1,4,39,485
"1055","Norway",1060,6,2,2,4,35,360
"1056","Germany",1418,43,23,1,4,22,528
"1057","Switzerland",1437,6,3,1,4,25,427
"1058","Germany",845,2,12,6,2,20,95
"1059","Finland",443,5,3,2,6,43,230
"1060","Austria",1250,1,6,3,3,31,450
"1061","Belarus",290,28,8,0,2,19.2,50
"1062","Italy",1826,3,16,3,2,19.4,340
"1063","Switzerland",1608,5,4,1,4,32,208
"1064","Switzerland",1365,6,3,1,3,31,445
"1065","Czech Republic",1214,3,1,0,8,18,354
"1066","France",1251,14,0,0,2,15.6,111
"1067","Sweden",744,3,6,1,3,32,314
"1068","Czech Republic",970,28,17,1,13,19,360
"1069","Slovakia",1102,3,5,2,5,20,302
"1070","Italy",1772,15,15,0,3,23,474
"1071","Switzerland",2200,15,35,0,4,32,320
"1072","Czech Republic",850,2,3,0,4,18,200
"1073","Sweden",321,5,1,3,4,31,226
"1074","France",1415,32,25,0,6,13.4,597
"1075","Switzerland",1330,5,35,15,2,26,380
"1076","Austria",2120,5,4,1,4,32.5,470
"1077","Switzerland",1246,5,4,1,2,22,176
"1078","Germany",842,25,15,5,4,23,252
"1079","Switzerland",1660,25,25,0,6,29,433
"1080","Ukraine",809,1,2,0,3,20.6,226
"1081","Italy",1767,3,1,0,2,27.2,122
"1082","Montenegro",1560,2,1,0,2,20.6,244
"1083","Germany",854,1,0,0,4,19,54
"1084","Germany",850,3,0,0,1,13,70
"1085","Germany",860,5,5,0,2,19,138
"1086","Germany",1196,8,8,8,5,20,416
"1087","Sweden",895,6,5,0,5,33,382
"1088","Czech Republic",774,29,27,0,5,20,256
"1089","Italy",1788,4,7,0,3,18,238
"1090","Switzerland",1750,5,8,2,2,26,350
"1091","France",1258,25,25,2,7,19,238
"1092","Norway",1065,2,2,3,2,39,365
"1093","Slovakia",1129,24,14,0,3,22,149
"1094","Sweden",830,71,49,0,1,23,375
"1095","Austria",2107,3,8,0,3,29,267
"1096","Bosnia and Herzegovina",1520,6,3,5,6,14,300
"1097","Italy",1995,25,3,23,4,24,345
"1098","Poland",1123,25,5,0,4,13,300
"1099","Slovakia",1385,2,61,5,5,16,735
"1100","Sweden",240,3,2,2,4,26,180
"1101","Norway",1149,67,27,6,3,35,209
"1102","France",1740,8,4,0,9,20,400
"1103","Austria",1600,4,0,0,1,35,693
"1104","Volga Federal District",240,59,7,0,9,20.4,168
"1105","Poland",654,26,8,0,4,19,156
"1106","France",2170,3,3,0,6,18,430
"1107","Austria",1783,3,3,2,5,41,443
"1108","Austria",1340,7,5,0,7,32,298
"1109","Switzerland",1485,2,4,2,2,33,385
"1110","Slovakia",890,7,38,0,5,26,300
"1111","North Macedonia",2036,13.4,10.8,4.4,3,15,408
"1112","Italy",1695,46,2,22,5,22,415
"1113","Slovakia",1300,15,46,15,7,19.5,395
"1114","Norway",726,5,2,1,2,32,336
"1115","Norway",659,5,2,1,3,32,340
"1116","Italy",1342,0,5,5,1,22,124
"1117","Sweden",278,3,25,15,3,23,150
"1118","Norway",525,43,22,8,4,30,260
"1119","Finland",514,4,2,1,3,45.5,225
"1120","Czech Republic",960,0,11,7,1,22,210
"1121","Czech Republic",810,13,7,0,1,9,120
"1122","France",1340,43,33,1,5,20,290
"1123","Norway",500,5,7,3,2,24,380
"1124","Poland",629,16,7,1,4,17,207
"1125","Austria",1050,4,2,1,2,24.5,150
"1126","Czech Republic",869,3,33,7,6,16,280
"1127","Poland",960,12,8,6,3,16,260
"1128","Sweden",700,51,14,18,2,21,296
"1129","Romania",676,11,3,0,1,21.4,256
"1130","Belarus",300,18,8,2,5,17.2,55
"1131","Norway",250,1,5,4,2,24.6,80
"1132","Ukraine",684,5,2,0,1,20.6,246
"1133","Austria",1975,4,3,1,4,36.5,275
"1134","Czech Republic",670,1,5,0,2,16,180
"1135","Norway",600,35,35,15,6,31,440
"1136","Poland",766,28,18,0,6,24,151
"1137","Slovakia",968,22,19,0,4,22,243
"1138","Romania",1545,0,31,0,2,18,665
"1139","France",3534,3,0,0,3,51,2064
"1140","Czech Republic",720,3,1,0,4,16,142
"1141","Norway",780,2,2,0,3,35,230
"1142","Poland",661,11,1,0,2,23,201
"1143","Czech Republic",1007,22,6,0,3,16,248
"1144","Czech Republic",843,17,22,2,3,18,143
"1145","Slovakia",730,3,3,0,8,22,190
"1146","Poland",639,21,14,0,4,18,169
"1147","Italy",2388,0,6,0,2,21.6,1182
"1148","Romania",1918,6,14,14,6,21.4,338
"1149","Switzerland",1936,2,0,2,4,31.4,736
"1150","Poland",625,15,7,0,3,18.2,325
"1151","Germany",830,8,0,0,3,18,60
"1152","Germany",761,26,12,4,3,19,156
"1153","Germany",1000,5,5,5,5,25,175
"1154","Switzerland",2332,1,0,0,2,34.6,488
"1155","Austria",650,4,0,0,2,23.5,75
"1156","Germany",1060,25,4,5,3,26,130
"1157","France",1247,5,3,5,6,18.5,147
"1158","France",1702,29,35,6,5,13,302
"1159","Austria",1320,3,7,0,2,14,170
"1160","Switzerland",1606,45,3,5,2,32,307
"1161","Slovenia",1182,2,13,0,2,15,316
"1162","Switzerland",1656,5,0,0,5,32,644
"1163","Italy",1360,3,1,0,2,37,340
"1164","Germany",843,55,4,0,4,17,248
"1165","Germany",1033,35,0,0,1,18,419
"1166","Germany",1320,55,4,0,4,19.5,341
"1167","France",1471,65,25,0,11,19.5,211
"1168","Sweden",800,3,4,5,3,26,270
"1169","Poland",850,2,9,0,2,21,250
"1170","Poland",671,8,11,0,2,21.4,196
"1171","Poland",690,21,4,0,2,21,145
"1172","Czech Republic",1087,11,11,0,2,20,197
"1173","Sweden",320,47,3,7,5,30,220
"1174","Switzerland",1500,5,5,0,2,29,350
"1175","Hungary",822,2,17,6,8,23,148
"1176","France",2280,5,3,0,7,10,658
"1177","Slovakia",1081,42,13,0,10,21,114
"1178","Germany",96,2,2,2,2,39.95,56
"1179","Italy",1600,5,2,0,2,15,200
"1180","Germany",840,1,3,0,2,20,120
"1181","North Macedonia",1400,3,4,6,3,22,160
"1182","Poland",812,15,0,8,2,15,222
"1183","Poland",761,1,2,0,2,19,311
"1184","Switzerland",1793,25,5,0,3,29,130
"1185","Poland",1045,3,1,0,4,19,332
"1186","Italy",1650,15,1,0,2,18,270
"1187","Northwest Russia",886,22,2,18,4,13,504
"1188","Poland",900,14,8,0,3,21,130
"1189","Norway",780,2,2,1,4,34,560
"1190","Sweden",900,0,0,2,1,29.8,500
"1191","Northwest Russia",170,25,2,0,4,16.8,120
"1192","Greece",1370,5,15,0,3,13.4,200
"1193","Romania",1671,55,1,5,5,18.2,330
"1194","Austria",1400,2,2,1,4,19,500
"1195","Slovakia",1450,34,6,0,3,49,450
"1196","Czech Republic",960,17,7,0,3,18,200
"1197","Czech Republic",565,6,6,0,2,16,95
"1198","Sweden",294,17,5,0,3,19,255
"1199","Slovenia",634,1,3,0,3,17,131
"1200","Slovakia",950,8,25,0,5,21,240
"1201","Czech Republic",706,0,17,8,3,16,189
"1202","Serbia",920,3,14,0,3,17.6,330
"1203","Finland",150,2,15,0,4,33.2,80
"1204","Netherlands",30,3,0,0,2,46.5,20
"1205","Germany",1002,12,0,0,2,23,112
"1206","Germany",958,6,0,0,2,22,100
"1207","Germany",1400,6,3,0,5,20,485
"1208","Germany",810,4,0,0,3,27,200
"1209","Belgium",90,3,0,0,3,42,40
"1210","Netherlands",45,2,0,0,1,33.5,15
"1211","Germany",880,3,0,0,1,15,40
"1212","Austria",370,1,4,0,1,21.02,102
"1213","France",1068,5,28,0,9,24,178
"1214","Germany",730,16,6,0,2,17,230
"1215","Norway",820,5,2,0,3,33,420
"1216","Norway",1040,46,24,0,3,35,180
"1217","Italy",1681,17,0,0,1,14,141
"1218","Germany",930,12,2,12,6,17,210
"1219","Norway",558,52,18,0,1,27,138
"1220","Poland",813,0,14,0,1,23,260
"1221","France",1650,6,1,0,2,12,210
"1222","France",1290,2,5,0,3,17,310
"1223","Norway",1090,41,44,0,2,30,338
"1224","Czech Republic",937,3,2,0,3,13,475
"1225","Czech Republic",953,5,17,0,4,18,242
"1226","Sweden",924,48,29,0,4,29,460
"1227","Serbia",1180,0,1,0,1,12,221
"1228","Germany",1026,0,1,0,1,26,364
"1229","Czech Republic",890,16,1,0,3,18,215
"1230","Sweden",470,25,16,16,4,25,175
"1231","Germany",745,4,6,0,2,19,95
"1232","Romania",720,14,0,0,1,16,240
"1233","Italy",1420,0,1,0,1,15,75
"1234","Czech Republic",1120,1,16,0,4,20,168
"1235","Germany",1554,7,1,0,4,22,254
"1236","Norway",535,29,43,0,2,31,326
"1237","Switzerland",1491,5,3,0,4,26,280
"1238","Poland",560,0,1,0,1,18.6,170
"1239","Romania",1543,11,0,0,1,19.2,174
"1240","Slovakia",773,5,5,0,2,19,233
"1241","Greece",1520,2,0,0,1,13.4,180
"1242","Russia",236,1,0,0,1,21.2,126
"1243","Italy",1592,2,0,0,1,19.8,227
"1244","Norway",420,6,1,2,3,26,240
"1245","Poland",347,28,0,0,2,17.2,146
"1246","Italy",1525,0,1,0,1,25.8,265
"1247","Romania",760,0,15,0,1,21.4,290
"1248","North Caucasus",0,12,0,0,1,19,-12
"1249","Germany",1350,33,4,0,4,26.5,295
"1250","Poland",780,16,7,0,3,22,168
"1251","Poland",330,6,6,0,3,17,115
"1252","Switzerland",1204,5,2,0,2,25,391
"1253","Czech Republic",831,18,1,0,3,16,156
"1254","Czech Republic",652,24,0,0,2,22,130
"1255","Czech Republic",700,2,18,0,4,22,200
"1256","Germany",840,15,2,15,3,17,180
"1257","North Caucasus",1476,12,0,0,2,21.2,196
"1258","Serbia",1047,0,3,15,4,17.6,280
"1259","Switzerland",1193,3,12,8,2,23,293
"1260","Austria",1410,3,2,1,3,26,310
"1261","Sweden",239,42,9,12,5,24,125
"1262","Slovakia",1063,13,25,2,4,19,271
"1263","Czech Republic",630,18,27,14,2,13,170
"1264","Romania",1680,25,2,15,5,15,200
"1265","Norway",290,2,22,9,2,27,235
"1266","Norway",1100,3,1,2,3,30,300
"1267","Norway",990,1,3,1,3,34,345
"1268","Switzerland",1361,25,15,1,2,25,301
"1269","Germany",1684,0,0,4,1,28.5,784
"1270","Czech Republic",850,4,5,5,4,16,287
"1271","Switzerland",1283,2,3,1,2,20,273
"1272","Czech Republic",1060,8,16,0,4,26,352
"1273","France",1288,2,25,5,4,18,298
"1274","Norway",850,3,2,1,5,35,250
"1275","Slovakia",870,6,38,9,5,16,330
"1276","Norway",724,7,35,13,2,33,240
"1277","Norway",705,3,2,1,2,31,388
"1278","Sweden",319,3,1,1,5,24,248
"1279","Estonia",200,9,0,0,1,29,70
"1280","Sweden",795,7,27,2,2,29,355
"1281","Germany",770,0,8,0,1,25,210
"1282","Germany",675,6,0,0,1,24,37
"1283","Czech Republic",597,19,4,0,3,15,86
"1284","Poland",910,2,4,8,5,15,370
"1285","Finland",495,31,25,7,4,39.5,160
"1286","Italy",1617,2,1,2,2,24,347
"1287","Finland",195,3,15,2,5,35,83
"1288","Poland",848,3,15,12,6,15,113
"1289","Poland",820,17.4,3.8,0.6,11,20.4,140
"1290","Poland",319,15,25,0,6,18.8,59
"1291","Poland",155,7,0,0,1,17.4,23
"1292","Ukraine",1085,2,3,1,3,20.6,360
"1293","Montenegro",1795,18.6,3.4,3,1,18.5,145
"1294","Romania",1186,3,12,0,3,23.6,246
"1295","Romania",1667,0,16,0,2,21,267
"1296","Poland",769,3,25,0,3,19,256
"1297","Czech Republic",729,9,1,0,3,14,124
"1298","Greece",1860,3,22,6,4,14,360
"1299","Germany",1134,33,11,1,3,22,289
"1300","Iceland",800,15,3,5,3,16,350
"1301","Hungary",487,5,15,0,5,12,167
"1302","Poland",937,2,0,0,3,23,137
"1303","Sweden",920,4,18,7,5,32,160
"1304","Norway",490,2,3,1,3,26,310
"1305","Sweden",720,15,1,0,3,13,156
"1306","Iceland",650,37,15,3,4,21,450
"1307","Switzerland",1602,3,3,0,2,31,502
"1308","Norway",1058,19,32,3,2,30,281
"1309","Poland",730,24,0,0,3,23,136
"1310","Poland",525,8,0,0,2,24,105
"1311","Norway",270,28,2,7,2,35,210
"1312","France",2000,16,15,14,4,12,650
"1313","Sweden",590,4,2,1,15,41,140
"1314","Finland",87,2.4,8.6,1.8,4,29,80
"1315","Germany",1143,2,1,2,2,22,181
"1316","Finland",240,3,4,1,4,28.6,140
"1317","Poland",406,0,5,0,1,19.2,90
"1318","Romania",120,5,0,0,1,18.2,70
"1319","Slovakia",1460,3,2,4,6,22.8,340
"1320","Czech Republic",700,35,0,0,3,15,100
"1321","Switzerland",1937,15.6,15.4,0,1,30.4,707
"1322","Germany",970,1,1,0,3,20,170
"1323","Germany",690,3,0,0,1,12,40
"1324","Poland",1186,1,2,0,5,17,286
"1325","Italy",1165,1,5,0,1,15,115
"1326","Germany",1730,19,1,0,5,26,900
"1327","Sweden",103,13,14,0,3,29,100
"1328","Austria",1064,3,0,0,4,19.6,643
"1329","Czech Republic",750,21,8,0,4,18,180
"1330","Austria",1551,38,27,4,3,26,248
"1331","Switzerland",1525,15,4,5,3,26,318
"1332","Northwest Russia",380,26,22,4,3,10,240
"1333","Switzerland",1593,1,5,0,3,21,173
"1334","Norway",1109,3,3,6,5,39,153
"1335","Germany",1385,42,0,0,4,24,355
"1336","Poland",670,18,0,0,4,17,70
"1337","Germany",1236,17.2,4.6,0.4,2,22,536
"1338","Finland",376,10,0,0,5,26,121
"1339","Poland",958,12,5,1,5,23,90
"1340","Poland",879,3,0,0,4,21,198
"1341","Czech Republic",750,11,11,0,4,18,120
"1342","Latvia",110,15,1,0,4,22.2,75
"1343","Switzerland",1357,3,17,0,2,27,269
"1344","Poland",275,19,4,0,5,17.4,80
"1345","Italy",1695,9.2,6.4,8.8,1,25,358
"1346","France",1809,45,1,5,4,19.32,212
"1347","France",1558,13,14,3,4,12,638
"1348","Switzerland",1225,2,5,0,3,11,195
"1349","Czech Republic",374,7,1,0,4,15,90
"1350","Serbia",1541,8,0,0,2,17.6,214
"1351","Norway",393,43,15,0,1,18,340
"1352","Ukraine",215,1,0,0,2,14,52
"1353","Norway",546,2,1,1,4,37,446
"1354","Norway",1117,1,2,1,1,34,247
"1355","Switzerland",1065,2,4,0,1,28,220
"1356","Norway",800,25,4,0,4,31,307
"1357","Austria",1150,2,15,12,1,15,300
"1358","Austria",1350,0,0,2,1,12,700
"1359","France",1870,13,9,8,3,20,290
"1360","Austria",1040,3,2,0,2,17,160
"1361","Austria",1225,4,1,0,3,38.5,393
"1362","France",1800,25,37,0,4,20,175
"1363","Poland",699,1,5,0,5,15,104
"1364","Slovakia",948,4,57,0,4,16,288
"1365","Slovenia",789,1,1,1,1,17.5,214
"1366","Italy",1142,36,2,0,4,30,150
"1367","Slovakia",1015,32,25,0,2,10,311
"1368","Slovakia",876,14,11,9,4,21,242
"1369","Italy",1470,17,34,0,1,20,180
"1370","France",1172,45,14,0,4,18,235
"1371","Finland",207,2,3,0,6,42,105
"1372","Germany",700,39,14,0,2,15,230
"1373","Czech Republic",758,1,6,0,3,14,110
"1374","Spain",1670,29,36,0,4,30,168
"1375","Czech Republic",800,15,8,8,2,9,180
"1376","Norway",1039,21,36,0,3,33,200
"1377","France",1132,4,1,0,4,15,102
"1378","Slovakia",1000,38,25,0,4,24,250
"1379","Norway",858,5,1,0,1,29,221
"1380","Austria",1230,5,1,0,4,20,230
"1381","Finland",191,13,44,0,9,41,107
"1382","France",1807,4,2,0,4,19,307
"1383","Italy",2650,0,55,0,1,54,570
"1384","Switzerland",1000,3,2,0,2,26,300
"1385","Norway",406,32,22,0,2,27,321
"1386","Germany",808,3,2,0,1,16,96
"1387","Austria",1300,15,4,0,4,23,300
"1388","Austria",1200,3,2,0,4,23,200
"1389","Italy",2266,29,29,0,1,12,408
"1390","Iceland",320,2,3,0,2,20,275
"1391","France",1395,4,2,0,5,17,205
"1392","Norway",1460,25,25,0,1,35,260
"1393","Switzerland",1350,4,2,0,2,31,350
"1394","Switzerland",1300,2,3,0,3,30,300
"1395","Germany",1243,25,25,0,7,30,263
"1396","Austria",1450,1,2,1,2,24.5,250
"1397","Greece",1660,4,1,0,2,14.2,120
"1398","Sweden",795,45,5,0,3,27.2,135
"1399","Czech Republic",650,1,2,1,2,13.8,170
"1400","France",1369,3,2,0,3,13.8,139
"1401","Sweden",710,2,3,0,3,26.6,206
"1402","Czech Republic",1090,5,0,0,2,11,62
"1403","Germany",917,11,1,1,2,16.8,167
"1404","Switzerland",2159,5,15,1,2,29.8,350
"1405","Switzerland",916,4,1,0,3,28,180
"1406","Norway",870,4,2,0,4,32,210
"1407","Germany",645,35,25,0,4,20,105
"1408","Norway",1068,35,17,0,3,33,354
"1409","Poland",829,4,0,0,2,19,54
"1410","Austria",1125,3,2,0,3,35,345
"1411","Germany",1265,26,27,0,3,32,125
"1412","Norway",1140,5,1,0,2,31,220
"1413","Slovakia",1056,9,18,0,6,24,167
"1414","Norway",430,1,2,1,3,31,383
"1415","Switzerland",1590,4,2,0,3,34,250
"1416","Switzerland",1550,3,2,0,2,30,220
"1417","Spain",2035,3,2,0,6,30,210
"1418","United Kingdom",85,2,1,0,2,34.6,11
"1419","France",1224,1,1,1,2,14.88,312
"1420","Finland",150,2,8,1,4,35,54
"1421","Latvia",87,25,18,6,15,29,36
"1422","Switzerland",940,4,1,0,2,26,130
"1423","Germany",905,15,12,9,2,17.5,165
"1424","Slovakia",996,14,25,8,3,17,266
"1425","Switzerland",1230,25,25,0,5,28,200
"1426","Poland",250,18,9,9,8,15,60
"1427","Poland",894,19,8,6,2,17,202
"1428","Slovakia",872,17,8,8,3,8,196
"1429","Italy",1600,8,2,12,2,19,300
"1430","France",1499,24,5,8,5,15,154
"1431","Czech Republic",1464,25,12,9,7,20,264
"1432","Czech Republic",930,14,17,5,3,13,130
"1433","Switzerland",1600,17,11,8,1,24,150
"1434","Finland",224,25,15,8,5,35,89
"1435","Slovakia",973,22,12,9,5,16.5,323
"1436","Norway",371,13,7,1,4,31,55
"1437","Hungary",1015,2,5,6,5,16,245
"1438","Sweden",360,22,9,7,2,19,152
"1439","Slovakia",720,8,16,6,5,15,200
"1440","France",1666,3,7,8,8,15,341
"1441","Germany",554,15,1,5,1,17,99
"1442","Austria",1030,2,2,5,2,20,240
"1443","Slovakia",595,21,11,5,5,18,192
"1444","Slovakia",912,7,26,11,5,22,442
"1445","Norway",620,14,2,7,1,350,302
"1446","Poland",913,12,12,7,3,19,185
"1447","Slovakia",942,3,4,0,6,14.8,245
"1448","Italy",1780,22,12,6,4,24.2,150
"1449","Slovakia",1006,9,21,12,6,27.24,346
"1450","Poland",600,18,0,0,3,23.4,90
"1451","Italy",3466,7.4,7.2,1.2,2,55,2096
"1452","United Kingdom",842,1,2,6,1,36.6,107
"1453","Hungary",850,15,1,5,4,14.8,100
"1454","Northwest Russia",100,25,0,0,8,16.8,60
"1455","Austria",1240,15,2,5,4,19.8,228
"1456","Austria",1200,15,1,6,1,25.6,200
"1457","Italy",1600,35,35,0,3,25.4,400
"1458","Bulgaria",1970,9,19,12,5,26.3,240
"1459","Austria",1220,18,7,5,1,25.8,170
"1460","France",1619,2,5,5,4,27.8,169
"1461","Switzerland",1147,2,15,5,2,17,123
"1462","Spain",705,2,1,0,3,39,38
"1463","Germany",735,2,1,5,3,18,100
"1464","Switzerland",1301,16,6,8,2,19,184
"1465","Austria",1150,2,1,1,5,18,280
"1466","Czech Republic",861,15,14,8,4,16,181
"1467","Sweden",330,21,14,5,5,29,95
"1468","France",1231,21,18,8,11,19.5,421
"1469","Switzerland",1348,21,15,1,3,23,258
"1470","Germany",893,11,22,12,2,18,275
"1471","Central Russia",200,2,1,0,13,22,50
"1472","Hungary",935,15,1,1,9,15.6,165
"1473","Spain",1465,5,15,1,5,29.2,215
"1474","Germany",660,17,5,8,3,18,60
"1475","Austria",927,15,15,9,3,24,127
"1476","Slovakia",1360,2,14,14,3,16,360
"1477","Germany",856,14,8,14,4,23,96
"1478","Sweden",276,23,6,1,6,29,99
"1479","Italy",1500,2,2,0,2,20,618
"1480","Germany",725,12,24,2,3,20,145
"1481","France",1115,3,1,2,5,17.5,208
"1482","France",1400,2,1,5,4,10,200
"1483","Italy",1510,3,27,5,2,20,203
"1484","Switzerland",1052,17,15,8,2,27,225
"1485","Sweden",840,27,1,3,1,36,140
"1486","Central Russia",190,3,7,3,6,20.6,50
"1487","Central Russia",185,4,0,0,2,20.2,65
"1488","United Kingdom",340,4,1,0,3,35.8,100
"1489","Bosnia and Herzegovina",1350,3,2,0,3,15.4,310
"1490","Switzerland",1260,2,1,0,1,21.2,510
"1491","Germany",2244,10.6,2.4,1,1,39.5,1311
"1492","Switzerland",2473,5.8,14,0.6,1,31.6,1122
"1493","Germany",760,5,0,0,1,12,78
"1494","France",1069,6,0,0,2,18,62
"1495","Germany",690,25,15,0,3,20,120
"1496","Czech Republic",890,13,9,7,1,10.8,190
"1497","Poland",202,25,0,0,4,21,64
"1498","Austria",2040,2,0,0,2,34.5,120
"1499","France",3842,8,8.6,3.6,5,65,2807
"1500","Poland",150,2,0,0,2,17.4,40
"1501","Switzerland",1700,5,0,0,2,26.8,800
"1502","Czech Republic",774,25,21,2,4,12.8,267
"1503","Poland",610,1,6,0,6,15.8,130
"1504","Central Russia",198.2,5.4,9.6,0.6,2,18.8,50.2
"1505","Slovakia",1080,9,11,14,6,21,579
"1506","Austria",1128,2,32,0,3,39.5,509
"1507","Italy",1740,3,27,4,3,15,290
"1508","Switzerland",2042,5,15,0,4,33,250
"1509","Italy",1644,5,0,0,1,22,19
"1510","Switzerland",2483,8,7.4,1.6,1,43,683
"1511","Poland",625,14,5,0,3,18,95
"1512","Poland",80,2,0,0,3,15,20
"1513","Germany",465,2,2,0,4,18.2,168
"1514","France",1350,15,25,0,5,15,390
"1515","Norway",589,1,2,0,3,31,225
"1516","France",1298,2,1,0,3,8.5,138
"1517","Switzerland",940,2,1,0,1,17,220
"1518","Sweden",500,8,27,0,3,19,185
"1519","France",1229,25,5,0,8,15,179
"1520","Sweden",189,3,4,3,2,13,90
"1521","Slovakia",905,6,31,0,3,16,295
"1522","Sweden",135,21,12,0,3,20,115
"1523","France",980,28,2,0,3,16.5,143
"1524","Slovakia",942,1,7,7,1,14,187
"1525","Austria",1400,2,1,0,2,22.5,160
"1526","Austria",1003,2,1,0,2,23,203
"1527","Czech Republic",802,4,5,0,6,15,92
"1528","Sweden",565,27,12,0,3,19,220
"1529","Austria",1150,1,3,0,3,30,330
"1530","Czech Republic",933,23,13,0,3,15,313
"1531","Germany",1200,25,15,0,3,26,240
"1532","Sweden",360,22,1,0,2,27,140
"1533","France",1250,23,1,0,2,13,160
"1534","Italy",1254,44,5,0,4,25,164
"1535","Italy",1403,1,32,0,2,34.5,233
"1536","Austria",860,2,2,0,2,23,120
"1537","Norway",804,18,24,0,2,37,354
"1538","Bosnia and Herzegovina",1744,14,2,0,2,10,212
"1539","Switzerland",1020,25,5,0,1,25,300
"1540","Austria",1150,2,15,0,2,21.5,280
"1541","Austria",1820,1,3,0,3,25.4,464
"1542","Austria",900,2,1,0,3,19,150
"1543","France",1195,3,1,0,3,15,110
"1544","Norway",180,2,1,0,4,24,147
"1545","France",1233,25,6,0,3,9,183
"1546","Slovakia",807,3,33,0,3,16,249
"1547","Norway",834,22,9,0,1,24,164
"1548","Czech Republic",800,15,2,0,4,13,170
"1549","Sweden",245,32,13,0,4,29,130
"1550","Poland",758,22,9,0,1,13,188
"1551","Italy",1780,9,27,0,2,16.5,300
"1552","Finland",230,2,1,0,1,20,120
"1553","Norway",817,35,5,0,4,33,232
"1554","Italy",1065,1,2,0,2,23,165
"1555","Germany",975,19,14,0,2,28,103
"1556","Czech Republic",670,1,2,0,2,15,195
"1557","Norway",473,28,12,0,1,31,367
"1558","Sweden",420,32,14,0,3,29,200
"1559","France",1350,2,12,0,3,13.4,357
"1560","Norway",583,26,6,0,2,31,122
"1561","Bosnia and Herzegovina",1118,25,15,0,2,9,98
"1562","Norway",755,28,6,0,3,29,150
"1563","Italy",1410,14,25,0,2,36,210
"1564","Czech Republic",522,6,5,5,1,8,85
"1565","Czech Republic",740,26,4,0,2,12,115
"1566","Czech Republic",700,16,25,0,5,15,180
"1567","Austria",1424,5,1,5,1,20,104
"1568","Austria",1440,1,5,5,2,25,128
"1569","France",1074,27,8,0,2,11,238
"1570","Austria",971,3,1,0,1,15,191
"1571","Sweden",284,19,11,0,4,21,88
"1572","Austria",1300,2,2,0,3,22.5,320
"1573","Germany",645,27,6,0,2,25,165
"1574","Norway",695,35,5,0,2,22,175
"1575","Germany",1285,2,18,0,4,28,215
"1576","Finland",189,25,2,0,5,36,91
"1577","Slovakia",987,22,26,0,1,10,187
"1578","Switzerland",1233,2,1,0,1,22,146
"1579","Czech Republic",950,6,32,0,5,16,195
"1580","Sweden",227,2,1,0,1,12,154
"1581","Austria",1450,1,2,0,2,17,230
"1582","France",1920,2,1,0,3,13,180
"1583","Czech Republic",795,38,11,0,10,15,65
"1584","Austria",1370,2,1,0,3,28,240
"1585","Germany",1043,2,1,0,1,19,220
"1586","Poland",883,2,23,0,3,13,140
"1587","Czech Republic",1250,14,22,0,8,24,258
"1588","Austria",823,2,2,0,3,18,341
"1589","Norway",933,19,22,0,3,29,198
"1590","Germany",1220,21,18,0,3,26,370
"1591","France",1448,17,13,0,1,20,283
"1592","Switzerland",1780,35,1,0,1,24.6,120
"1593","Norway",320,18,12,0,1,26.2,295
"1594","Austria",1400,1,3,0,4,19.8,400
"1595","Ukraine",1080,0,36,8,2,17,310
"1596","Sweden",903,18,12,0,1,27,177
"1597","Switzerland",1656,2,1,0,2,26,251
"1598","Italy",1692,2,28,0,2,16.1,272
"1599","Kosovo",1570,2,1,0,1,21.2,210
"1600","Slovakia",870,15,17,0,4,16.3,280
"1601","Poland",680,35,1,0,6,15.4,150
"1602","Slovakia",1070,1,32,0,3,17.8,390
"1603","Italy",1556,2,1,0,2,18,122
"1604","Norway",1010,35,13,0,1,30.6,300
"1605","Czech Republic",630,2,1,0,2,14,132
"1606","Switzerland",1254,2,0,1,1,22,311
"1607","Slovakia",950,24,12,0,1,18,210
"1608","Germany",485,7,6,5,3,13.64,120
"1609","Slovakia",990,18,12,0,4,18,228
"1610","Austria",1307,2,1,0,1,20.9,171
"1611","Norway",427,28,5,0,1,36.4,226
"1612","Switzerland",1113,2,1,0,2,21.2,188
"1613","Poland",732,2,0,0,1,19.2,32
"1614","Czech Republic",600,1,35,0,3,11.8,160
"1615","Romania",1150,26,7,0,1,16.8,143
"1616","Norway",1025,19,12,0,3,27,230
"1617","Switzerland",1142,3,1,0,3,25,252
"1618","Norway",598,19,11,0,3,25,258
"1619","Czech Republic",730,23,12,0,4,13,85
"1620","Austria",2100,5,25,0,3,25,360
"1621","Czech Republic",646,4,5,3,4,14,90
"1622","France",1829,2,1,0,5,20,118
"1623","Switzerland",1060,3,1,0,2,26,300
"1624","Switzerland",1155,3,1,0,3,27,303
"1625","Austria",1296,2,1,0,2,24,284
"1626","Austria",1200,15,15,0,2,21,200
"1627","Austria",1820,3,1,0,2,21,180
"1628","Germany",1165,34,6,0,4,20,235
"1629","Switzerland",1181,2,15,0,2,28,296
"1630","Switzerland",1220,2,1,0,3,19,180
"1631","Czech Republic",896,16,19,0,7,18,110
"1632","Germany",815,23,17,0,6,24,195
"1633","Switzerland",1580,2,2,0,4,30,335
"1634","Norway",850,2,2,0,4,31,230
"1635","Austria",930,2,42,0,2,22,330
"1636","Czech Republic",860,4,5,3,5,17,180
"1637","Germany",945,2,1,0,5,20,150
"1638","Germany",801,2,1,0,5,24.8,75
"1639","Austria",1450,3,1,0,3,23,100
"1640","Slovakia",850,26,16,0,3,16.5,260
"1641","Slovakia",803,28,11,0,6,20,173
"1642","Switzerland",940,2,0,0,2,5,15
"1643","Switzerland",1250,2,1,0,2,19,330
"1644","Slovakia",1140,15,33,0,4,20,240
"1645","Austria",1200,1,2,0,4,28.5,200
"1646","Poland",701,23,7,0,2,17.6,201
"1647","Norway",383,23,7,0,3,29.8,139
"1648","Greece",1620,3,1,0,4,16.6,260
"1649","Switzerland",1190,3,0,0,3,40.8,20
"1650","Czech Republic",670,25,1,0,2,20.6,150
"1651","Latvia",100,6,3,0,4,21.4,83
"1652","Russia",777,5.8,12,0,3,20,236.4
"1653","Germany",880,12,8,0,1,16,110
"1654","Germany",890,1,0,0,3,12,110
"1655","Germany",820,2,0,0,4,16,40
"1656","Germany",870,5,0,0,1,19,70
"1657","Germany",700,5,2,3,1,13.8,50
"1658","Poland",804,14,1,3,2,17,187
"1659","Slovenia",1330,4,12,4,3,15,110
"1660","Germany",827,5,4,2,1,17,77
"1661","Switzerland",1468,2,2,0,2,23,335
"1662","Switzerland",835,8,6,4,1,14,115
"1663","Sweden",383,13,8,6,1,20,220
"1664","Austria",1193,3,11,11,1,25,294
"1665","France",1500,7,5,2,3,14,150
"1666","Switzerland",855,2,0,0,3,5,10
"1667","Slovakia",808,15,8,6,2,14,218
"1668","Slovakia",1035,2,11,5,4,18,330
"1669","Italy",1400,1,8,2,1,22,150
"1670","Austria",1020,12,5,3,2,21,180
"1671","Austria",1200,1,3,0,4,23.5,200
"1672","Germany",1232,16,22,0,6,29,382
"1673","Germany",835,9,9,5,1,19,95
"1674","Slovenia",1525,13,5,5,2,23,157
"1675","Germany",1160,15,7,7,1,33,160
"1676","Finland",71,1,11,5,3,33,49
"1677","Slovakia",870,4,2,4,6,19,220
"1678","Czech Republic",706,7,15,6,1,16,214
"1679","Finland",105,6,3,1,2,28,65
"1680","Lithuania",215,8,5,2,10,17,35
"1681","Czech Republic",670,44,7,0,9,19,120
"1682","Germany",1100,35,5,0,8,24,80
"1683","Switzerland",1270,5,0,0,1,20,225
"1684","Germany",740,3,16,9,2,12.9,70
"1685","Slovakia",723,17,5,3,3,18,220
"1686","Slovenia",921,6,11,5,3,23,206
"1687","Germany",768,9,7,7,2,20,90
"1688","Croatia",1075,14,9,5,1,13.8,235
"1689","Bulgaria",1833,5,13,9,2,16.4,277
"1690","Ukraine",832,15,3,2,2,20.6,142
"1691","Slovenia",799,8,6,4,1,14.9,157
"1692","Romania",1072,7,1,3,1,20.8,136
"1693","Italy",1713,8,13,5,3,18.4,131
"1694","Sweden",169,2,1,0,2,15,129
"1695","Denmark",120,1,1,1,2.2,20.8,110
"1696","Austria",1680,2,2,0,4,27.5,180
"1697","France",1521,6,0,0,6,12.5,361
"1698","Norway",397,14,12,3,2,18,174
"1699","Ukraine",600,7,12,1,3,15,165
"1700","Norway",810,6,4,7,2,13,285
"1701","Czech Republic",711,1,6,5,4,13,101
"1702","Finland",145,1,15,2,5,35,85
"1703","Finland",261,22,5,2,2,23,43
"1704","Italy",1680,1,11,11,1,18,170
"1705","Slovakia",907,1,6,2,4,14,147
"1706","Norway",206,13,11,2,2,30,123
"1707","Germany",960,7,16,2,2,20,220
"1708","Romania",1442,26,0,0,5,17,142
"1709","Hungary",680,15,1,2,1,11,170
"1710","Slovakia",748,2,9,16,5,16,268
"1711","Sweden",243,9,5,1,2,17,142
"1712","Norway",732,1,16,2,1,27,182
"1713","Germany",900,11,9,2,1,30,180
"1714","Germany",750,4,2,2,1,18.56,45
"1715","Sweden",162,5,7,1,3,25,132
"1716","Germany",923,17,2,1,2,16,160
"1717","Germany",730,3,2,0,3,17,80
"1718","Germany",1210,1,6,5,4,18,155
"1719","Greece",2250,8,12,0,3,19,500
"1720","Austria",1350,3,2,0,1,20.7,85
"1721","United Kingdom",50,2,0,0,2,36.2,25
"1722","Poland",960,1,0,0,4,20.2,55
"1723","Germany",785,5,4,1,3,9,110
"1724","Germany",781,4,1,1,1,18,69
"1725","Germany",884,8,3,2,2,18.6,84
"1726","Bulgaria",1350,19,11,0,10,20.8,130
"1727","Italy",1815.4,7.6,8.6,3.6,5,22.2,258.6
"1728","Hungary",360,2,1,0,9,16,120
"1729","Albania",1663,14.8,11,2.4,2,19,78
"1730","Slovakia",750,16,3,0,2,12,50
"1731","Austria",1240,5,5,0,1,14,190
"1732","Sweden",160,12,5,0,2,10,125
"1733","Czech Republic",906,8,7,0,2,18,283
"1734","Germany",557,7,5,0,1,18,95
"1735","Finland",72,8,2,0,2,22,35
"1736","Austria",790,5,5,0,1,28,140
"1737","Czech Republic",595,1,3,0,3,14,111
"1738","Germany",980,0,9,6,1,19,100
"1739","Austria",1000,1,9,0,1,17,200
"1740","Austria",1200,1,15,0,2,23,480
"1741","Sweden",421,5,1,0,2,14,125
"1742","Switzerland",1200,11,2,0,1,23,100
"1743","Slovakia",350,8,5,0,1,15,100
"1744","Finland",205,15,1,0,1,35,100
"1745","Germany",1000,7,6,0,1,16,150
"1746","Slovenia",1347,14,14,0,2,23,147
"1747","Czech Republic",602,6,5,0,1,12,102
"1748","Sweden",570,0,23,5,1,14,170
"1749","Poland",715,18,8,0,3,15,145
"1750","Czech Republic",700,3,19,0,3,11,150
"1751","Poland",410,7,5,0,1,17,60
"1752","France",1399,1,15,0,4,10,409
"1753","Finland",99,9,5,0,3,28,34
"1754","Sweden",160,9,7,0,2,24,92
"1755","Germany",1080,1,5,0,1,15,80
"1756","Sweden",312,1,5,0,1,12,92
"1757","Switzerland",1791,1,1,0,2,22,166
"1758","Germany",697,9,7,0,2,16,87
"1759","Czech Republic",742,4,7,0,1,11,101
"1760","Iceland",690,6,18,0,1,21,245
"1761","Germany",966,4,6,0,1,13,63
"1762","Austria",895,2,8,0,2,20,139
"1763","Germany",840,11,3,0,1,13,80
"1764","Germany",654,7,3,0,1,10,70
"1765","Slovenia",558,7,3,0,2,12,63
"1766","Romania",868,12,5,0,2,13,117
"1767","Austria",680,5,5,0,1,17,120
"1768","Germany",836,0,5,1,1,25,236
"1769","Norway",645,13,7,0,1,27,185
"1770","Slovakia",916,4,14,0,4,18,139
"1771","Switzerland",1370,7,6,0,1,69,143
"1772","Austria",1135,9,9,0,1,17,128
"1773","Slovenia",834,6,4,0,2,16,184
"1774","Bosnia and Herzegovina",1640,5,1,0,2,6,130
"1775","France",965,1,1,0,2,15,165
"1776","Czech Republic",606,9,4,0,4,12,114
"1777","Sweden",95,15,5,0,2,26,85
"1778","Czech Republic",850,6,12,0,1,12,100
"1779","Germany",935,8,5,0,1,15,125
"1780","Germany",740,1,18,0,2,20,130
"1781","Czech Republic",704,7,3,0,2,10,54
"1782","United Kingdom",650,1,2,0,2,22,100
"1783","France",991,19,8,0,3,12,118
"1784","Finland",200,8,1,0,3,26,90
"1785","Poland",702,1,8,0,1,15,102
"1786","Belgium",480,6,8,0,2,14,100
"1787","Czech Republic",851,9,14,0,3,14,181
"1788","Austria",1212,2,25,0,1,20,212
"1789","Norway",278,8,8,0,1,23,166
"1790","Poland",660,19,9,0,3,13,190
"1791","Germany",684,1,14,0,3,20,184
"1792","Germany",790,4,6,2,5,20,100
"1793","Sweden",374,1,5,0,1,10,98
"1794","Germany",764,6,5,0,1,11,95
"1795","France",1266,15,6,0,3,21,230
"1796","Czech Republic",736,4,11,0,2,18,202
"1797","Czech Republic",771,6,8,0,2,13,96
"1798","Slovakia",556,11,8,0,3,11,125
"1799","Germany",880,4,12,0,2,20,230
"1800","Germany",723,7,5,0,1,12,116
"1801","Sweden",170,18,7,0,2,17,150
"1802","France",1700,8,0,5,3,7,340
"1803","France",1900,1,1,0,4,11,200
"1804","Russia",297,18,1,0,3,27,181
"1805","Austria",900,1,5,0,2,21,175
"1806","Switzerland",1140,12,8,0,2,19,163
"1807","Slovenia",625,2,3,1,2,12,125
"1808","Sweden",166,1,4,0,2,15,110
"1809","France",1430,5,15,0,1,6,140
"1810","Sweden",118,13,5,0,2,14,107
"1811","Norway",215,6,6,0,1,16,139
"1812","France",1380,12,12,0,4,12,180
"1813","Finland",220,15,5,0,1,10,140
"1814","Germany",945,8,4,0,1,18,116
"1815","Sweden",77,8,3,0,1,12,50
"1816","Sweden",168,11,12,0,3,18,108
"1817","Germany",850,12,8,0,1,20,100
"1818","Germany",685,7,5,0,1,15,98
"1819","Sweden",135,8,11,0,2,19,108
"1820","Norway",308,7,4,0,1,18,82
"1821","Norway",1111,9,8,0,1,27,145
"1822","Sweden",145,6,1,0,3,14,125
"1823","Czech Republic",861,9,6,0,2,17,161
"1824","Italy",1420,1,9,0,1,39.5,176
"1825","Czech Republic",1115,15,5,0,3,12,281
"1826","Norway",341,11,5,0,2,22,148
"1827","Czech Republic",870,9,5,0,3,11,220
"1828","Finland",143,1,5,0,2,26,46
"1829","Germany",896,6,8,0,1,12,96
"1830","Poland",580,11,5,0,2,17,65
"1831","Czech Republic",788,15,1,0,2,14,103
"1832","Norway",435,11,14,0,1,27,260
"1833","Austria",1100,7,7,0,1,21.5,120
"1834","Germany",1000,16,12,0,1,23,300
"1835","Poland",720,7,5,0,1,9,80
"1836","Norway",584,8,8,0,1,27,138
"1837","Slovakia",1180,14,1,0,4,22,360
"1838","Czech Republic",712,12,6,0,4,14,99
"1839","Czech Republic",608,6,5,0,2,12,112
"1840","Finland",57,2,5,0,4,30,54
"1841","Sweden",167,13,5,0,2,14,97
"1842","Austria",1200,1,1,0,2,23,170
"1843","Germany",933,15,2,0,1,14,119
"1844","Slovakia",1050,19,1,0,3,13,100
"1845","Finland",163,15,6,0,2,25,74
"1846","Finland",383,15,5,0,1,25,103
"1847","Sweden",288,18,8,0,7,34,109
"1848","Austria",1102,1,3,0,1,19,72
"1849","Sweden",198,11,6,0,2,19,112
"1850","Finland",119,15,5,0,2,28,30
"1851","Germany",580,6,1,0,1,22,130
"1852","Norway",231,11,9,0,1,9,218
"1853","Germany",740,12,6,0,1,13,100
"1854","Norway",807,12,7,0,1,30.6,115
"1855","Austria",740,8,12,0,1,17.56,125
"1856","Italy",1410,2,8,0,1,16.1,90
"1857","Germany",560,1,4,0,1,13.4,120
"1858","France",1707,1,1,0,2,17.56,122
"1859","Northwest Russia",31,7,5,0,3,14.6,22
"1860","Sweden",263,6,4,0,1,12.4,90
"1861","Croatia",1030,8,5,0,2,15,107
"1862","Germany",600,8,5,0,1,13,173
"1863","Slovakia",800,15,5,0,6,16.4,180
"1864","Germany",777,9,5,0,1,13.5,111
"1865","Germany",850,15,3,0,1,18.6,100
"1866","Ukraine",751,2,6,0,2,17,168
"1867","Poland",1120,6,4,0,3,18.6,65
"1868","France",1012,5,13,0,2,15.26,337
"1869","Slovenia",1575,5,6,0,2,24.6,205
"1870","Czech Republic",761,11,4,0,3,13.6,61
"1871","Slovakia",495,4,11,0,5,17.8,193
"1872","Germany",1580,6,5,0,1,19.8,137
"1873","Latvia",100,2,3,3,2,21.4,84
"1874","Austria",1360,5,5,0,1,20.7,100
"1875","Italy",1400,7,5,0,1,24,140
"1876","Sweden",438,15,14,0,1,10.8,160
"1877","Sweden",930,8,19,0,2,25.4,145
"1878","Norway",375,15,12,0,1,27,289
"1879","Romania",1498,13,3,0,1,19.2,218
"1880","Germany",1240,1,8,0,1,16.6,190
"1881","Austria",1320,15,5,0,1,19.46,120
"1882","Germany",1090,6,6,0,1,17.4,140
"1883","Slovakia",1150,1,4,0,3,23.2,125
"1884","Croatia",1020,7,6,0,1,15,190
"1885","Poland",910,9,7,0,1,21,120
"1886","Germany",379,15,6,0,1,12.6,100
"1887","Serbia",1500,0,1,1,1,17.6,270
"1888","Poland",852,8,3,0,2,14.4,147
"1889","Sweden",273,19,8,0,1,12.4,85
"1890","Germany",1020,1,1,0,2,16.4,190
"1891","North Macedonia",1650,6,7,0,2,22,350
"1892","Serbia",940,1,12,0,1,17.6,190
"1893","Germany",810,6,15,0,3,17.2,130
"1894","Germany",416,9,6,0,1,13.64,116
"1895","Poland",1020,8,4,0,2,20.8,126
"1896","Poland",210,1,5,0,4,17.4,60
"1897","Romania",1400,4,1,0,2,19.6,359
"1898","Austria",835,1,5,0,2,18.04,65
"1899","Sweden",697,13,14,0,1,14.4,152
"1900","Sweden",474,6,4,0,1,12.4,94
"1901","Slovenia",720,5,5,0,1,18.2,120
"1902","Latvia",86,9,2,0,4,19.2,21
"1903","Italy",1368,4,6,0,1,22.8,83
"1904","France",1142,15,5,0,3,13.8,232
"1905","Czech Republic",955,6,5,0,1,14.4,95
"1906","Germany",580,8,4,0,2,17.2,70
"1907","Bosnia and Herzegovina",1175,6,5,0,1,11.4,123
"1908","Czech Republic",791,13,6,0,3,14,85
"1909","Slovakia",810,1,12,0,3,15,136
"1910","Slovakia",650,13,1,0,4,19,180
"1911","Germany",927,1,3,0,3,15,77
"1912","Austria",1329,15,1,0,2,26,221
"1913","Czech Republic",860,1,6,0,2,13,148
"1914","Austria",850,5,5,0,2,20.8,110
"1915","Germany",875,9,4,0,3,14,135
"1916","Germany",720,4,6,0,2,18,80
"1917","Czech Republic",745,7,3,0,3,12,132
"1918","Italy",1141,16,5,0,3,15,173
"1919","Czech Republic",1096,8,1,0,3,14,115
"1920","Austria",1000,2,8,0,2,26,236
"1921","Czech Republic",440,3,14,0,4,15,90
"1922","Germany",860,12,4,0,3,20,210
"1923","France",959,15,5,0,5,16.3,124
"1924","Finland",130,7,3,0,3,28,50
"1925","Czech Republic",782,2,8,0,3,16,202
"1926","Germany",1150,1,1,0,2,20,130
"1927","Czech Republic",740,17,1,0,5,16,90
"1928","Czech Republic",726,3,9,0,3,13,80
"1929","Czech Republic",641,9,7,0,2,13,95
"1930","Austria",1200,2,5,0,4,20,300
"1931","Finland",104,1,2,0,3,25,30
"1932","Czech Republic",520,2,7,0,2,11,100
"1933","Germany",1100,15,0,5,3,23,170
"1934","Czech Republic",860,3,9,0,5,11,120
"1935","Germany",621,6,5,0,2,13,98
"1936","Czech Republic",710,15,7,0,3,11.4,210
"1937","France",1276,15,5,0,4,15.8,317
"1938","Czech Republic",460,11,4,0,6,13.2,80
"1939","Czech Republic",396,12,5,0,2,13.8,97
"1940","Germany",630,14,15,0,3,15,115
"1941","Germany",500,6,5,0,2,20,50
"1942","Poland",351,8,5,0,5,16.4,106
"1943","Poland",862,8,2,0,2,20,112
"1944","Norway",257,1,1,0,2,26.2,235
"1945","Germany",897,6,8,0,2,14.2,157
"1946","Poland",210,5,7,0,5,17,55
"1947","Austria",1100,1,1,0,2,20.4,200
"1948","Poland",290,5,5,0,3,17.6,50
"1949","Poland",353,9,4,0,3,17.6,65
"1950","Switzerland",1152,1,4,0,2,17,187
"1951","Serbia",1112,5,5,0,2,5,113
"1952","Germany",510,1,1,0,2,14,60
"1953","Czech Republic",568,13,6,0,4,16,116
"1954","Czech Republic",697,1,5,0,3,14,167
"1955","Germany",1167,14,6,0,2,15,115
"1956","France",1737,4,0,0,2,15,137
"1957","France",1842,3,0,0,3,10.5,136
"1958","Austria",917,8,3,0,2,12,115
"1959","Switzerland",1275,12,3,0,2,15,125
"1960","Switzerland",1863,3,0,0,1,21,139
"1961","France",1550,1,1,0,4,17,200
"1962","France",114,3,1,1,1,22,70
"1963","Switzerland",1093,3,0,0,1,19,153
"1964","Czech Republic",760,6,9,0,5,16,150
"1965","Germany",680,12,8,0,2,20,170
"1966","Czech Republic",502,2,9,0,4,14,80
"1967","Czech Republic",536,3,14,0,3,11,83
"1968","Czech Republic",604,6,4,0,2,16,84
"1969","Germany",772,6,0,0,1,12,102
"1970","Central Russia",186,14,4,0,5,21,46
"1971","Switzerland",1645,3,0,0,2,23,282
"1972","Switzerland",1738,0,3,0,1,33,384
"1973","Germany",600,13,7,0,2,31,60
"1974","Austria",1112,3,0,0,2,20.5,162
"1975","Germany",755,15,14,0,3,17,185
"1976","Switzerland",1309,3,0,0,1,19,311
"1977","Czech Republic",650,8,1,0,2,12,130
"1978","Norway",730,3,0,0,2,27,110
"1979","Germany",850,9,5,0,2,22,135
"1980","Poland",550,5,6,0,2,15,140
"1981","Switzerland",1110,35,0,0,1,26,255
"1982","Czech Republic",576,3,3,5,1,4,76
"1983","Norway",543,0,4,0,2,18,159
"1984","Germany",267,7,3,0,1,14,57
"1985","Germany",791,2,9,0,2,17,131
"1986","Switzerland",940,3,0,0,2,28,220
"1987","Sweden",310,1,5,5,2,17,110
"1988","Czech Republic",801,36,0,0,3,14,101
"1989","Norway",781,14,8,0,2,29,137
"1990","Slovenia",690,6,6,0,2,18.2,120
"1991","Bosnia and Herzegovina",1300,1,1,0,2,11.4,134
"1992","Ukraine",1150,15,15,0,1,17.2,450
"1993","Norway",550,3,0,0,1,29.2,190
"1994","Switzerland",1080,3,0,0,1,22,100
"1995","Ukraine",655,3,16,0,2,20.6,222
"1996","Serbia",1180,8,0,1,3,17.6,369
"1997","Central Russia",230,4,36,0,3,20.2,40
"1998","Central Russia",220,21,7,0,4,17.6,35
"1999","Germany",680,8,2,0,2,15.6,80
"2000","Czech Republic",700,4,3,3,1,14.4,150
"2001","Germany",770,5,4,1,3,16.2,50
"2002","Czech Republic",861,2,12,0,5,15.2,181
"2003","Spain",1832,1,8,0,2,29.2,79
"2004","United Kingdom",720,0,4,0,1,37.8,120
"2005","Greece",1880,16,1,0,3,13.6,270
"2006","Italy",1390,41,0,0,2,20.8,159
"2007","Poland",499,21,5,0,2,16.4,82
"2008","Greece",1847,1,5,0,3,14,247
"2009","Italy",1350,3,0,0,2,26,290
"2010","Germany",810,12,1,0,3,13,110
"2011","Germany",835,1,3,0,3,15,90
"2012","Switzerland",1060,8,2,0,2,19,60
"2013","Austria",900,5,15,0,3,19.2,115
"2014","Germany",954,12,1,0,5,17,164
"2015","Finland",110,3,0,0,8,34,75
"2016","Switzerland",1010,16,2,0,2,9,90
"2017","Austria",1140,15,5,0,3,20,100
"2018","Germany",777,9,6,0,2,15,100
"2019","Germany",496,12,9,0,2,13,126
"2020","Switzerland",1034,3,0,0,3,28,219
"2021","Norway",776,32,0,0,2,27,187
"2022","Volga Federal District",370,12,16,0,3,13,185
"2023","Germany",560,8,3,0,2,12,70
"2024","Germany",770,8,8,0,6,14,70
"2025","Sweden",680,1,5,7,1,21,220
"2026","Italy",1347,4,0,4,1,12,101
"2027","Czech Republic",860,4,5,0,2,16,110
"2028","France",1033,1,5,0,3,13,125
"2029","Germany",630,1,1,0,2,20,170
"2030","Czech Republic",777,12,4,4,4,10,152
"2031","Czech Republic",580,7,6,4,1,9,90
"2032","Italy",1330,1,7,0,1,39.5,118
"2033","Slovakia",920,4,14,4,5,20,251
"2034","Finland",91,1,6,2,4,28,79
"2035","Sweden",175,2,7,0,2,15,145
"2036","Italy",1433,4,3,0,1,19,61
"2037","Sweden",225,6,4,2,2,13,75
"2038","Norway",153,4,3,0,1,9,57
"2039","Germany",495,4,4,0,1,12,86
"2040","Slovenia",675,5,2,0,1,10,50
"2041","Norway",310,2,7,0,2,22,147
"2042","Switzerland",1295,45,0,0,2,23,270
"2043","Germany",1024,5,3,0,1,15,69
"2044","Norway",146,4,4,0,2,25,103
"2045","Slovakia",640,2,5,0,2,14,90
"2046","Norway",306,1,6,0,1,25,156
"2047","Finland",169,4,2,0,1,25,70
"2048","Finland",63,5,3,0,5,32,35
"2049","Germany",620,5,3,0,1,12,70
"2050","Switzerland",882,4,4,0,1,13,93
"2051","Czech Republic",605,2,6,0,2,18,95
"2052","Czech Republic",980,8,2,0,3,12,110
"2053","Austria",810,0,3,4,1,12.5,160
"2054","Sweden",348,5,2,0,2,10,140
"2055","Czech Republic",662,3,6,0,1,13.4,158
"2056","Sweden",340,5,3,0,1,11.6,100
"2057","Sweden",420,5,2,0,1,10.8,90
"2058","Germany",601,4,3,0,1,18.6,50
"2059","Austria",740,5,3,0,1,17.76,85
"2060","Germany",650,4,3,0,1,16.8,70
"2061","Montenegro",1953,1,4,2,2,22.9,468
"2062","Estonia",185,5,3,2,3,23.4,75
"2063","Germany",750,4,3,0,1,14.4,150
"2064","Romania",1167,2,6,0,2,19.6,78
"2065","Finland",175,14,6,5,2,28.6,85
"2066","Czech Republic",800,3,5,0,3,12.2,150
"2067","Ukraine",180,5,3,0,2,15.6,38
"2068","Slovakia",1060,4,12,9,4,16.4,280
"2069","Switzerland",908,4,2,0,1,24,88
"2070","Germany",638,5,3,0,1,14.2,53
"2071","Sweden",364,4,3,0,1,12,67
"2072","Germany",813,5,3,0,1,14.6,79
"2073","Germany",830,6,1,0,1,23.2,100
"2074","Latvia",1,7,1,2,5.8,19.2,-6
"2075","Germany",1040,3,0,0,3,15,130
"2076","Poland",140,15,4,0,6,17,40
"2077","Czech Republic",778,4,3,0,2,9,75
"2078","Germany",540,1,7,0,2,12,180
"2079","United Kingdom",285,5,2,0,3,37.2,43
"2080","Czech Republic",629,1,6,0,2,15.8,100
"2081","Poland",191,5,4,0,3,17.4,51
"2082","Austria",735,1,6,0,2,17.56,98
"2083","Slovakia",1068,0,1,0,2,15,433
"2084","Switzerland",935,1,0,0,1,19,85
"2085","Germany",500,1,0,0,1,5,55
"2086","Finland",156,1,0,0,2,25,56
"2087","Slovakia",1200,1,0,0,2,39,200
"2088","Austria",814,12,0,0,1,15,92
"2089","Germany",552,1,0,0,1,18,136
"2090","Norway",314,27,0,0,2,33,276
"2091","Norway",793,1,1,2,2,33,293
"2092","Switzerland",1578,2,0,0,3,27,371
"2093","Norway",848,12,0,0,1,22,100
"2094","Switzerland",1550,2,0,0,2,30,100
"2095","Italy",1304,1,0,0,1,20,125
"2096","Switzerland",1091,1,0,0,1,22,91
"2097","Norway",641,16,0,0,1,31,260
"2098","Czech Republic",835,13,0,0,1,18,99
"2099","Italy",1679,15,0,0,1,21,235
"2100","Austria",781,0,11,0,1,16,118
"2101","Switzerland",1447,1,0,0,1,23,252
"2102","Switzerland",1439,1,0,0,1,14,158
"2103","France",1648,1,0,0,2,29.8,48
"2104","Slovenia",587,0,17,0,1,17.5,155
"2105","Austria",1000,12,0,0,2,34,45
"2106","Czech Republic",614,19,0,0,3,15,101
"2107","Czech Republic",454,5,4,0,4,13,60
"2108","Czech Republic",670,2,5,0,2,14,110
"2109","Germany",1250,18,0,0,1,22,225
"2110","Austria",910,1,0,0,1,16,80
"2111","Finland",50,15,0,0,1,34,31
"2112","Germany",705,1,0,0,3,16,57
"2113","Finland",151,1,0,0,2,26,36
"2114","Switzerland",1183,1,0,0,1,26,178
"2115","Slovakia",981,4,5,0,3,15,101
"2116","Poland",805,1,1,2,4,23,335
"2117","Czech Republic",1090,11,0,0,6,13,50
"2118","Ukraine",891,12,0,0,1,11,79
"2119","Czech Republic",967,12,0,0,1,7,93
"2120","Czech Republic",602,1,0,0,2,15,86
"2121","Switzerland",1600,1,0,0,1,14,50
"2122","Germany",964,2,0,0,1,18,144
"2123","Austria",1390,1,0,0,1,5,134
"2124","Finland",137,12,0,0,2,19,38
"2125","Switzerland",1540,2,0,0,2,31,169
"2126","Slovakia",570,4,2,0,2,18,100
"2127","Sweden",182,15,0,0,2,17,94
"2128","Sweden",280,12,0,0,1,12,80
"2129","Italy",1553,2,0,0,1,12,85
"2130","Switzerland",1084,1,0,0,1,23,62
"2131","Czech Republic",763,11,0,0,2,15,90
"2132","Austria",1250,25,0,0,1,19.8,180
"2133","Switzerland",1485,12,0,0,1,17,106
"2134","Germany",880,12,0,0,2,10,90
"2135","Germany",535,12,0,0,1,9,102
"2136","Sweden",228,22,0,0,1,14,114
"2137","Italy",1489,2,0,0,1,27,362
"2138","Norway",1036,12,0,0,1,18,202
"2139","Switzerland",1185,2,0,0,1,19,170
"2140","Germany",1018,1,0,0,2,8,71
"2141","Austria",900,1,0,0,1,14,130
"2142","Norway",1056,1,0,0,1,30,56
"2143","Italy",1474,1,0,0,1,16,93
"2144","Czech Republic",752,12,0,0,3,12,170
"2145","Switzerland",575,1,0,0,1,17,75
"2146","France",1175,1,0,0,1,7,90
"2147","Germany",642,1,0,0,3,22,72
"2148","Switzerland",1250,1,0,0,1,20,70
"2149","Switzerland",1030,1,0,0,1,24,60
"2150","Czech Republic",580,6,7,0,5,18,95
"2151","Slovakia",800,14,0,0,2,16,300
"2152","Czech Republic",1078,14,0,0,2,14,47
"2153","Switzerland",1220,1,0,0,1,17,40
"2154","Germany",1045,1,0,0,2,18,54
"2155","Germany",786,13,0,0,3,22,190
"2156","Czech Republic",730,14,0,0,1,10,100
"2157","Czech Republic",605,11,0,0,3,15,75
"2158","France",1195,15,0,0,2,9.5,85
"2159","Switzerland",1400,22,0,0,1,69,160
"2160","Germany",883,1,0,0,1,22,143
"2161","Austria",1500,15,0,0,1,23,250
"2162","Germany",630,2,0,0,1,18,80
"2163","Germany",1014,1,0,0,2,22,99
"2164","France",1510,2,0,0,3,12,255
"2165","Germany",820,1,0,0,1,12.5,107
"2166","Germany",682,12,0,0,2,12,118
"2167","Austria",1140,2,0,0,3,23,200
"2168","Switzerland",682,1,0,0,1,17,169
"2169","Norway",355,1,0,0,1,22,150
"2170","Italy",1747,1,0,0,1,13,74
"2171","Sweden",222,16,0,0,2,14,115
"2172","Italy",1484,11,0,0,1,15,98
"2173","Sweden",160,16,0,0,2,13,47
"2174","Norway",2200,2,0,0,1,36,350
"2175","Germany",745,15,0,0,2,12,165
"2176","Switzerland",1349,2,0,0,2,23,257
"2177","Austria",1593,2,0,0,1,18,243
"2178","Austria",1207,0,18,0,1,19,266
"2179","Italy",1498,11,0,0,1,18,246
"2180","Austria",1214,1,0,0,2,30.5,47
"2181","Sweden",495,15,0,0,1,10,90
"2182","Hungary",510,0,11,0,1,7,130
"2183","Germany",548,11,0,0,1,20,60
"2184","Bulgaria",1680,0,16,0,1,22.2,360
"2185","Austria",940,1,0,0,1,25.2,65
"2186","Iceland",190,13,0,0,1,22.6,160
"2187","Austria",800,1,0,0,1,18.04,150
"2188","Poland",660,18,0,0,3,19.6,95
"2189","France",1300,15,0,0,1,16.9,200
"2190","Netherlands",15,2,2,2,6,40.7,12
"2191","Romania",993,13,0,0,1,23.6,81
"2192","Austria",460,1,0,0,1,25.4,70
"2193","France",1211,2,0,0,3,13.2,167
"2194","Norway",975,11,0,0,1,29,104
"2195","Ukraine",635,14,0,0,1,20.6,95
"2196","Norway",940,1,0,0,1,29,90
"2197","Czech Republic",750,19,0,0,1,12.6,103
"2198","France",1650,11,0,0,2,17.36,105
"2199","Switzerland",1750,1,0,0,1,27.4,42
"2200","Switzerland",1250,1,0,0,1,23.2,150
"2201","Sweden",241,0,15,0,1,22,91
"2202","Norway",395,13,0,0,1,26.4,130
"2203","Austria",1102,1,0,0,1,26.1,180
"2204","Germany",867,1,0,0,1,13.8,91
"2205","Montenegro",1530,9.2,16.4,1.4,2,21.8,160
"2206","Poland",445,11,0,0,3,17.6,60
"2207","Austria",1050,1,0,0,1,26.1,86
"2208","Norway",907,1,0,0,1,29,104
"2209","Austria",1233,2,0,0,1,26.2,183
"2210","Poland",780,1,5,0,2,20.4,90
"2211","Austria",703,1,0,0,1,25.4,77
"2212","Poland",110,3,2,2,1,17.4,20
"2213","Austria",1490,1,0,0,1,22.18,40
"2214","Austria",1410,1,0,0,1,17.9,200
"2215","Austria",670,1,0,0,1,25.2,50
"2216","Croatia",693,15,0,0,1,17,53
"2217","Germany",880,1,0,0,1,14.6,80
"2218","Northwest Russia",83,2,2,3,4,15.2,23
"2219","Austria",600,0,1,0,1,21.4,70
"2220","Slovakia",805,1,0,0,2,14.6,85
"2221","Italy",1840,15,0,0,1,17.2,71
"2222","Germany",942,12,0,0,1,18.8,162
"2223","Austria",509,5,4,0,2,17.56,74
"2224","Czech Republic",777,0,14,0,2,14.4,195
"2225","Austria",2000,0,2,0,1,28.6,287
"2226","Austria",795,1,0,0,2,18.04,101
"2227","Germany",830,1,0,0,1,16,120
"2228","Austria",1130,1,0,0,2,26.1,230
"2229","Czech Republic",1217,0,15,0,1,18.4,200
"2230","Czech Republic",990,1,0,0,2,13.8,70
"2231","Poland",990,2,0,0,4,20.8,60
"2232","Austria",1005,12,0,0,1,25.9,135
"2233","Poland",260,14,0,0,1,17.6,55
"2234","Czech Republic",703,2,6,0,2,12.8,135
"2235","Northwest Russia",165,11,0,0,1,16.8,96
"2236","Sweden",871,15,0,0,1,25.4,114
"2237","Germany",610,11,0,0,1,18.6,80
"2238","Greece",2450,2,0,0,4,17,450
"2239","Slovakia",896,12,0,0,2,16.4,105
"2240","Italy",1232,26,0,0,2,30.7,145
"2241","Austria",900,1,0,0,1,44,100
"2242","Austria",688,12,0,0,1,47.2,158
"2243","Austria",780,1,0,0,1,44.44,125
"2244","Montenegro",1385,12,0,0,1,21.9,227
"2245","Poland",408,18,0,0,1,17.2,78
"2246","Germany",480,7,0,2,2,21.28,85
"2247","Hungary",393,1,0,0,1,17,28
"2248","Austria",1039,1,6,0,2,45.24,120
"2249","Austria",720,1,0,0,1,46.5,50
"2250","Switzerland",1025,1,0,0,1,45,88
"2251","Austria",900,1,0,0,1,24,100
"2252","Switzerland",1359,22,0,0,2,30,327
"2253","Sweden",260,5,3,0,2,19,68
"2254","France",1600,2,0,0,2,15,300
"2255","Germany",1000,1,0,0,3,14,300
"2256","Slovenia",665,4,2,0,2,9,40
"2257","Finland",55,15,0,0,3,33,50
"2258","Switzerland",1046,2,0,0,2,19,281
"2259","Austria",810,15,0,0,2,18,60
"2260","Germany",786,2,0,0,2,12,119
"2261","Switzerland",1445,12,0,0,2,21,112
"2262","Germany",1060,25,0,0,3,21,120
"2263","Czech Republic",900,24,0,0,4,18,120
"2264","Switzerland",1080,17,0,0,2,25,230
"2265","France",1313,2,0,0,3,17.5,163
"2266","Switzerland",1924,15,0,0,2,33,160
"2267","Austria",900,1,0,0,2,18.5,140
"2268","Finland",160,16,0,0,2,27,50
"2269","Austria",1250,1,0,0,3,24,200
"2270","Germany",455,1,0,0,2,16,135
"2271","Switzerland",1056,1,0,0,3,30,174
"2272","Germany",1000,15,0,0,2,16,200
"2273","Denmark",110,5,0,2,2,19,38
"2274","Slovakia",1035,12,0,0,3,14,95
"2275","Slovakia",640,1,0,0,3,15,100
"2276","Slovakia",780,0,15,0,4,15.8,130
"2277","United Kingdom",23,3,1,1,2,35.8,10
"2278","Czech Republic",830,2,4,0,2,14,85
"2279","France",973,1,0,0,2,13.8,220
"2280","Poland",300,11,0,0,3,16.4,70
"2281","Poland",350,14,0,0,5,17.6,75
"2282","Austria",759,14,0,0,3,17.76,109
"2283","Switzerland",1025,1,0,0,2,16,75
"2284","Germany",528,6,0,0,1,18,85
"2285","Germany",970,8,0,0,1,19,70
"2286","Poland",420,8,0,0,1,16,135
"2287","Austria",1780,9,0,0,1,20,130
"2288","Austria",787,1,0,0,2,17,37
"2289","Germany",605,6,0,0,1,20,155
"2290","Slovakia",616,6,0,0,1,11,80
"2291","Italy",1395,8,0,0,1,20,168
"2292","Slovenia",571,1,3,0,1,13,81
"2293","Austria",1317,8,0,0,1,10,117
"2294","Germany",765,6,0,0,1,9,48
"2295","Bosnia and Herzegovina",795,1,0,0,2,9,115
"2296","Germany",1194,4,1,0,2,31,86
"2297","Germany",740,6,0,0,1,15,85
"2298","Austria",986,6,0,2,2,12,186
"2299","Norway",130,7,0,0,1,13,125
"2300","Germany",969,7,0,0,1,11,72
"2301","Austria",1000,1,0,0,2,22,100
"2302","Austria",840,1,0,0,2,10,170
"2303","Poland",786,19,0,0,2,15,89
"2304","Germany",820,8,0,0,1,22,80
"2305","Austria",1217,6,0,0,1,30.5,40
"2306","Germany",885,18,2,0,4,17,85
"2307","Austria",1250,6,0,0,1,16,80
"2308","Norway",930,8,0,0,1,35,140
"2309","Czech Republic",740,8,0,0,1,11,150
"2310","Norway",271,8,0,0,1,15,131
"2311","Germany",621,6,0,0,2,17,43
"2312","Austria",1004,1,0,0,2,17,64
"2313","France",1812,25,0,0,5,21.5,107
"2314","Germany",740,7,0,0,1,22,110
"2315","Germany",865,3,2,0,1,10,75
"2316","Germany",800,2,0,0,2,17,150
"2317","Norway",288,0,8,0,1,17,150
"2318","Germany",1000,8,0,0,1,18,100
"2319","Germany",885,6,0,0,1,18,82
"2320","Switzerland",1250,7,0,0,1,23,100
"2321","Germany",780,6,0,0,1,14,120
"2322","Switzerland",905,8,0,0,1,24,145
"2323","Italy",1507,8,0,0,2,18,107
"2324","Sweden",127,9,0,0,2,12,84
"2325","Sweden",369,8,0,0,1,14,120
"2326","Germany",714,7,0,0,1,10,76
"2327","Austria",1145,6,0,0,1,9,85
"2328","Slovakia",902,9,0,0,2,17,92
"2329","Austria",1300,0,17,0,2,17,200
"2330","Germany",940,1,0,0,2,18,40
"2331","Germany",665,7,0,0,1,12,150
"2332","Czech Republic",578,6,0,0,1,15,92
"2333","Germany",775,8,0,0,2,18,94
"2334","Germany",920,11,0,0,2,14,120
"2335","Austria",1585,0,7,0,1,10,190
"2336","Germany",948,0,14,0,3,15,298
"2337","Austria",878,7,0,0,1,24,54
"2338","Slovakia",648,0,9,0,1,21,190
"2339","Belgium",530,6,0,0,1,12,65
"2340","Germany",776,0,8,0,1,14,94
"2341","Italy",1404,8,0,0,1,17,169
"2342","Norway",282,0,7,0,1,18,179
"2343","Czech Republic",680,6,0,0,1,11,140
"2344","Austria",1275,6,0,0,1,14,90
"2345","Poland",723,6,0,0,1,18,83
"2346","Norway",302,8,0,0,1,17,98
"2347","Czech Republic",610,6,0,0,1,11,100
"2348","Germany",825,15,0,0,2,16,117
"2349","Czech Republic",670,8,0,0,1,10,70
"2350","Sweden",425,15,0,0,2,10,100
"2351","Germany",730,14,0,0,2,17,130
"2352","Germany",902,7,0,0,2,13,54
"2353","France",1152,0,6,0,1,11,162
"2354","Norway",250,6,0,0,1,18,80
"2355","Austria",1212,3,2,0,1,10,132
"2356","France",1041,6,0,0,1,5,41
"2357","Germany",740,8,0,0,1,16,130
"2358","Germany",705,6,0,0,1,15,72
"2359","Finland",155,7,0,0,1,20,53
"2360","Czech Republic",720,2,2,0,4,13,40
"2361","Czech Republic",793,8,0,0,1,16,88
"2362","Switzerland",1125,1,0,0,2,17,38
"2363","Austria",580,8,0,0,1,14,70
"2364","Sweden",490,7,0,0,1,14,35
"2365","Switzerland",910,1,0,0,2,21,70
"2366","Germany",510,7,0,0,1,12,60
"2367","Switzerland",1346,1,0,0,2,28,158
"2368","Germany",1080,0,6,0,1,18,110
"2369","Czech Republic",537,6,0,0,1,8,90
"2370","Germany",999,11,0,0,2,11,62
"2371","Germany",1100,0,8,0,1,18,155
"2372","Czech Republic",700,7,0,0,2,10,70
"2373","France",1200,6,0,0,2,6.5,39
"2374","Germany",690,6,0,0,1,28,80
"2375","Germany",748,3,2,0,1,14.6,52
"2376","Poland",790,8,0,0,1,16.2,140
"2377","Germany",376,3,2,1,1,17.2,71
"2378","Sweden",526,6,0,0,1,13.8,91
"2379","Czech Republic",869,6,0,0,1,14.6,101
"2380","Germany",680,7,0,0,1,23.2,120
"2381","Austria",835,7,0,0,1,25.2,120
"2382","Germany",770,6,0,0,1,15.8,50
"2383","Poland",743,1,0,0,2,20.4,65
"2384","Sweden",50,2,2,0,2,19.4,23
"2385","Czech Republic",465,6,0,0,1,11.2,112
"2386","Czech Republic",660,8,0,0,2,15.6,130
"2387","Ukraine",564,12,0,0,3,17,161
"2388","Finland",200,8,0,0,1,28.6,88
"2389","Slovenia",640,6,0,0,1,12.7,105
"2390","Germany",705,7,0,0,1,20.2,95
"2391","Romania",840,0,8,0,1,21,90
"2392","Germany",920,6,0,0,1,17.2,50
"2393","France",964,1,0,0,2,13.8,84
"2394","Poland",899,9,0,0,2,20.4,45
"2395","Slovakia",755,9,0,0,3,16,175
"2396","Ukraine",976,0,8,0,1,21.6,160
"2397","Germany",557,7,0,0,1,17.2,75
"2398","Italy",1425,9,0,0,1,18,75
"2399","Czech Republic",825,6,0,0,1,13.2,40
"2400","Germany",500,22,0,0,3,14.8,80
"2401","Italy",1470,6,0,0,1,17.8,120
"2402","Germany",1100,4,5,0,2,14.6,250
"2403","Slovakia",607,0,9,0,3,16,95
"2404","Sweden",107,6,0,0,1,14.8,36
"2405","Poland",560,0,7,0,1,17.2,140
"2406","Serbia",1383,0,9,0,1,17.6,136
"2407","Austria",910,6,0,0,1,22.8,122
"2408","Italy",1245,8,0,0,1,29.5,110
"2409","Switzerland",1660,1,0,0,2,22.6,110
"2410","Poland",785,6,0,0,1,16.2,47
"2411","Germany",665,9,0,0,1,17.8,50
"2412","Poland",308,7,0,0,2,16.4,53
"2413","Austria",1190,6,0,0,1,22.2,80
"2414","Czech Republic",689,6,0,0,1,12.2,85
"2415","Ukraine",455,9,0,0,1,20.6,100
"2416","Austria",1030,7,0,0,1,26.1,125
"2417","Czech Republic",897,6,0,0,1,15.6,93
"2418","Germany",931,6,0,0,1,17.2,74
"2419","Italy",1189,8,0,0,1,18.2,119
"2420","Germany",704,7,0,0,1,23.2,96
"2421","Slovenia",1330,1,0,0,3,20.2,47
"2422","Poland",330,9,0,0,1,16.4,70
"2423","Portugal",658,2,2,0,1,17.6,77
"2424","Germany",415,6,0,0,2,25.6,45
"2425","Germany",654,0,6,0,1,23.2,112
"2426","Denmark",85,3,1,0,1,20.4,75
"2427","Austria",475,8,0,0,1,19.6,90
"2428","France",1290,8,0,0,1,10,120
"2429","Austria",898,1,0,0,2,17.76,59
"2430","Switzerland",1390,8,0,0,1,25.8,100
"2431","Germany",724,0,6,0,1,14.2,114
"2432","Czech Republic",503,3,2,0,2,12.8,45
"2433","Germany",623,2,2,0,1,17,27
"2434","France",1168,6,0,0,1,13.2,98
"2435","Sweden",507,6,0,0,1,12.4,125
"2436","Austria",650,8,0,0,1,21.4,120
"2437","Italy",1696,7,0,0,1,18,172
"2438","Switzerland",1595,1,0,0,2,23.6,200
"2439","Italy",1538,8,0,0,1,18,136
"2440","France",1223,1,0,0,3,14.6,63
"2441","Hungary",485,7,0,0,1,14.8,105
"2442","Iceland",110,7,0,0,1,22.8,88
"2443","Czech Republic",704,7,0,0,2,14,86
"2444","United Kingdom",148,2,1,0,3,35.8,13
"2445","Germany",465,4,1,0,1,14.8,74
"2446","Germany",640,6,0,0,1,13.4,70
"2447","Germany",860,6,0,0,2,14,206
"2448","Austria",740,6,0,0,2,21,90
"2449","Finland",134,7,0,0,2,21,20
"2450","Germany",500,7,0,0,2,9,80
